"produkt","wc_id","fraza","typ","wolumen","cpc_zl","nasz_url_gsc","pozycja_gsc","wyswietlenia_gsc","klikniecia_gsc","adresow_gsc"
"Agrobielik 70","310","agrobielik","nazwa / marka","10","","","","","",""
"Agrobielik 70","310","wapno agrobielik","nazwa / marka","10","","","","","",""
"Agrobielik 70","310","agrobielik 70","nazwa / marka","<10","","","","","",""
"Agrobielik 70","310","wapno agrobielik 70","nazwa / marka","<10","","","","","",""
"Agrobielik 70","310","agro bielik","nazwa / marka","<10","","","","","",""
"Agrobielik 70","310","wapno agro bielik","nazwa / marka","<10","","","","","",""
"Agrobielik 70","310","bielik wapno nawozowe","nazwa / marka","<10","","","","","",""
"Agrobielik 70","310","agrobielik 90","nazwa / marka","<10","","","","","",""
"Agrobielik 70","310","agrobielik 70 zastosowanie","nazwa + zastosowanie","<10","","","","","",""
"Agrobielik 70","310","agrobielik do stawu","nazwa + zastosowanie","<10","","","","","",""
"Agrobielik 70","310","agrobielik na łąki","nazwa + zastosowanie","<10","","","","","",""
"Agrobielik 70","310","agrobielik dawkowanie","nazwa + dawka","<10","","","","","",""
"Agrobielik 70","310","agrobielik 70 dawkowanie","nazwa + dawka","<10","","","","","",""
"Agrobielik 70","310","ile agrobielik na hektar","nazwa + dawka","<10","","","","","",""
"Agrobielik 70","310","agrobielik cena","nazwa + cena / forma","<10","","","","","",""
"Agrobielik 70","310","agrobielik 70 cena","nazwa + cena / forma","<10","","","","","",""
"Agrobielik 70","310","wapno agrobielik cena","nazwa + cena / forma","<10","","","","","",""
"Agrobielik 70","310","agrobielik big bag","nazwa + cena / forma","<10","","","","","",""
"Agrobielik 70","310","agrobielik 20 kg","nazwa + cena / forma","<10","","","","","",""
"Agrobielik 70","310","agrobielik 40 kg","nazwa + cena / forma","<10","","","","","",""
"Agrobielik 70","310","wapno trzuskawica","producent / zakład","30","1.18","","","","",""
"Agrobielik 70","310","wapno bielik trzuskawica","producent / zakład","10","","","","","",""
"Agrobielik 70","310","wapno nordkalk","producent / zakład","210","0.6","","","","",""
"Agrobielik 70","310","nordkalk wapno","producent / zakład","480","0.89","","","","",""
"Agrobielik 70","310","wapno tlenkowe","rodzaj ogólny","720","0.52","/wapno-nawozowe-rolnictwo/wapno-tlenkowe-magnez/","25.5","58","0","3"
"Agrobielik 70","310","wapno nawozowe tlenkowe","rodzaj ogólny","50","0.94","/wapno-nawozowe-rolnictwo/wapno-tlenkowe-magnez/","13.4","157","0","5"
"Agrobielik 70","310","wapno tlenkowe sypkie","rodzaj ogólny","20","0.18","/wapno-nawozowe-rolnictwo/","7.3","15","0","3"
"Agrobielik 70","310","wapno tlenkowe 70","rodzaj ogólny","10","0.37","","","","",""
"Agrobielik 70","310","wapno tlenkowe big bag","rodzaj ogólny","50","0.55","/wapno-nawozowe-hurt/wapno-agrobielik-70-big-bag-1000kg/","11.9","45","0","2"
"Agrobielik 70","310","wapno tlenkowe luzem","rodzaj ogólny","10","1.05","","","","",""
"Agrobielik 70","310","wapno tlenkowe do stawu","rodzaj ogólny","90","0.49","/wapnowanie-gleby/","2","1","0","1"
"Agrobielik 70","310","wapno tlenkowe dawkowanie","rodzaj ogólny","40","2.18","/wapnowanie-gleby/","9.7","87","0","4"
"Agrobielik 70","310","wapno tlenkowe ile na hektar","rodzaj ogólny","20","","/wapnowanie-gleby/","5.3","105","0","1"
"Agrobielik 70","310","ile wapna tlenkowego na hektar","rodzaj ogólny","20","4.03","/wapnowanie-gleby/","6.1","95","0","1"
"Agrobielik 70","310","wapno tlenkowe cena","rodzaj ogólny","50","0.17","/wapnowanie-gleby/","2","5","1","2"
"Agrobielik 70","310","wapno tlenkowe cena za tonę","rodzaj ogólny","30","0.83","/wapnowanie-gleby/","2","2","0","1"
"Agrobielik 70","310","wapno tlenkowe zastosowanie","rodzaj ogólny","10","","","","","",""
"Agrobielik 70","310","nordkalk wapno sitkówka","producent / zakład","30","1.6","","","","",""
"Agrobielik 70","310","wapno sitkówka","producent / zakład","<10","","","","","",""
"Agrobielik 70","310","nordkalk agrobielik","producent / zakład","<10","","","","","",""
"Agrobielik 70","310","wapno tlenkowe czy węglanowe","porównania","10","","","","","",""
"Agrobielik 70","310","wapno tlenkowe a węglanowe","porównania","10","16.99","","","","",""
"Agrobielik 70","310","wapno palone nawozowe","rodzaj ogólny","<10","","","","","",""
"Agrobielik 70","310","wapno nawozowe odmiana 02","rodzaj ogólny","<10","","","","","",""
"Agrobielik 70","310","agrobielik 70 czy 90","porównania","<10","","","","","",""
"Agrobielik 70","310","agrobielik czy oxyfertil","porównania","<10","","","","","",""
"Agrobielik 70","310","wapno tlenkowe a hydratyzowane","porównania","<10","","","","","",""
"Wapno nawozowe tlenkowe Agrobielik 90","311","wapno trzuskawica","producent / zakład","30","1.18","","","","",""
"Wapno nawozowe tlenkowe Agrobielik 90","311","wapno tlenkowe 90","rodzaj ogólny","20","0.4","","","","",""
"Wapno nawozowe tlenkowe Agrobielik 90","311","wapno tlenkowe 90 cena","rodzaj ogólny","10","","","","","",""
"Wapno nawozowe tlenkowe Agrobielik 90","311","wapno tlenkowe granulowane","rodzaj ogólny","260","0.47","/wapnowanie-gleby/","2.6","8","0","1"
"Wapno nawozowe tlenkowe Agrobielik 90","311","agrobielik 90","nazwa / marka","<10","","","","","",""
"Wapno nawozowe tlenkowe Agrobielik 90","311","wapno agrobielik 90","nazwa / marka","<10","","","","","",""
"Wapno nawozowe tlenkowe Agrobielik 90","311","agrobielik 90 0 3","nazwa / marka","<10","","","","","",""
"Wapno nawozowe tlenkowe Agrobielik 90","311","agrobielik 90 2 8","nazwa / marka","<10","","","","","",""
"Wapno nawozowe tlenkowe Agrobielik 90","311","nordkalk agrobielik 90","nazwa / marka","<10","","","","","",""
"Wapno nawozowe tlenkowe Agrobielik 90","311","agrobielik 90 zastosowanie","nazwa + zastosowanie / dawka / cena","<10","","","","","",""
"Wapno nawozowe tlenkowe Agrobielik 90","311","agrobielik 90 dawkowanie","nazwa + zastosowanie / dawka / cena","<10","","","","","",""
"Wapno nawozowe tlenkowe Agrobielik 90","311","agrobielik 90 cena","nazwa + zastosowanie / dawka / cena","<10","","","","","",""
"Wapno nawozowe tlenkowe Agrobielik 90","311","agrobielik 90 big bag","nazwa + zastosowanie / dawka / cena","<10","","","","","",""
"Wapno nawozowe tlenkowe Agrobielik 90","311","nordkalk wapno sitkówka","producent / zakład","30","1.6","","","","",""
"Wapno nawozowe tlenkowe Agrobielik 90","311","wapno palone 90","rodzaj ogólny","<10","","","","","",""
"Wapno nawozowe tlenkowe Agrobielik 90","311","wapno 90 cao","rodzaj ogólny","<10","","","","","",""
"Wapno nawozowe tlenkowe Agrobielik 90","311","wapno nawozowe odmiana 01","rodzaj ogólny","<10","","","","","",""
"Wapno nawozowe tlenkowe Agrobielik 90","311","wapno tlenkowe kruszone","rodzaj ogólny","<10","","","","","",""
"Wapno nawozowe tlenkowe Agrobielik 90","311","wapno palone kruszone","rodzaj ogólny","<10","","/wp-content/uploads/2023/06/5.pdf","6.5","5","0","2"
"Wapno nawozowe tlenkowe Agrobielik 90","311","wapno do higienizacji osadów","rodzaj ogólny","<10","","","","","",""
"Wapno nawozowe tlenkowe Agrobielik 90","311","wapno do stawu","rodzaj ogólny","390","1.01","","","","",""
"Wapno nawozowe tlenkowe Agrobielik 90","311","wapno palone do stawu","rodzaj ogólny","30","0.33","","","","",""
"Wapno nawozowe tlenkowe Agrobielik 90","311","wapno tlenkowe do stawu","rodzaj ogólny","90","0.49","/wapnowanie-gleby/","2","1","0","1"
"Wapno nawozowe tlenkowe Agrobielik 90","311","wapno tlenkowe dawkowanie","rodzaj ogólny","40","2.18","/wapnowanie-gleby/","9.7","87","0","4"
"Wapno nawozowe tlenkowe Agrobielik 90","311","wapno tlenkowe cena za tonę","rodzaj ogólny","30","0.83","/wapnowanie-gleby/","2","2","0","1"
"Wapno nawozowe tlenkowe Agrobielik 90","311","wapno do oczyszczalni","rodzaj ogólny","<10","","","","","",""
"Wapno nawozowe tlenkowe Agrobielik 90","311","wapno palone do oczyszczalni","rodzaj ogólny","<10","","","","","",""
"Wapno nawozowe tlenkowe Agrobielik 90","311","agrobielik 70 czy 90","porównania","<10","","","","","",""
"Wapno nawozowe tlenkowe Agrobielik 90","311","agrobielik 90 czy oxyfertil","porównania","<10","","","","","",""
"Wapno nawozowe tlenkowe Agrobielik 90","311","wapno tlenkowe 70 czy 90","porównania","<10","","","","","",""
"Wapno hydratyzowane Bielik","309","wapno bielik","nazwa/marka","210","0.8","/wapno-hydratyzowane/bielik/","12.2","112","1","6"
"Wapno hydratyzowane Bielik","309","bielik wapno","nazwa/marka","20","","/wapno-hydratyzowane/bielik/","9.7","24","1","6"
"Wapno hydratyzowane Bielik","309","wapno hydratyzowane bielik","nazwa/marka","50","0.58","/wapno-hydratyzowane/wapno-hydratyzowane-bielik-luz/","16.1","101","3","4"
"Wapno hydratyzowane Bielik","309","wapno budowlane bielik","nazwa/marka","30","","/wapno-hydratyzowane/bielik/","10.6","6","0","2"
"Wapno hydratyzowane Bielik","309","wapno bielik cena","nazwa + cena/forma","40","0.06","/wapno-hydratyzowane/bielik/","4.9","27","0","2"
"Wapno hydratyzowane Bielik","309","wapno bielik 25 kg","nazwa + cena/forma","50","","/wapno-hydratyzowane/bielik/","17.2","6","0","3"
"Wapno hydratyzowane Bielik","309","wapno bielik 25 kg cena","nazwa + cena/forma","30","","/wapno-hydratyzowane/bielik/","21","1","0","1"
"Wapno hydratyzowane Bielik","309","wapno bielik 30 kg","nazwa + cena/forma","10","","","","","",""
"Wapno hydratyzowane Bielik","309","wapno bielik 30 kg cena","nazwa + cena/forma","40","","/wapno-hydratyzowane/bielik/","11.5","42","0","5"
"Wapno hydratyzowane Bielik","309","wapno bielik castorama","nazwa + cena/forma","20","","/wapno-hydratyzowane/wapno-hydratyzowane-bielik-luz/","13","1","0","1"
"Wapno hydratyzowane Bielik","309","wapno hydratyzowane","rodzaj ogólny","2400","0.21","/wapno-hydratyzowane/","39.5","24","0","3"
"Wapno hydratyzowane Bielik","309","wapno hydratyzowane cena","rodzaj ogólny","170","0.29","","","","",""
"Wapno hydratyzowane Bielik","309","wapno hydratyzowane cena za tonę","rodzaj ogólny","30","0.11","/wapno-hydratyzowane/","37.2","4","0","1"
"Wapno hydratyzowane Bielik","309","wapno gaszone","rodzaj ogólny","2900","0.26","","","","",""
"Wapno hydratyzowane Bielik","309","wapno budowlane","rodzaj ogólny","1600","0.22","","","","",""
"Wapno hydratyzowane Bielik","309","wapno budowlane cena","rodzaj ogólny","260","0.12","","","","",""
"Wapno hydratyzowane Bielik","309","wapno do zaprawy","rodzaj ogólny","50","0.31","/wapno-hydratyzowane/","20","1","0","1"
"Wapno hydratyzowane Bielik","309","bielik nordkalk","nazwa/marka","<10","","","","","",""
"Wapno hydratyzowane Bielik","309","wapno bielik opinie","nazwa/marka","<10","","","","","",""
"Wapno hydratyzowane Bielik","309","wapno hydratyzowane 25 kg","rodzaj ogólny","10","0.33","","","","",""
"Wapno hydratyzowane Bielik","309","wapno tynkarskie","rodzaj ogólny","30","0.24","/wapno-hydratyzowane/","37","1","0","1"
"Wapno hydratyzowane Bielik","309","wodorotlenek wapnia","rodzaj ogólny","1900","0.65","","","","",""
"Wapno hydratyzowane Bielik","309","wapno hydratyzowane zastosowanie","nazwa + zastosowanie","140","0.33","/wapnowanie-gleby/","44.7","6","0","1"
"Wapno hydratyzowane Bielik","309","wapno hydratyzowane na pole","nazwa + zastosowanie","10","","/wapnowanie-gleby/","20.5","5","0","2"
"Wapno hydratyzowane Bielik","309","wapno hydratyzowane do stawu","nazwa + zastosowanie","40","0.66","/wapnowanie-gleby/","35","2","0","1"
"Wapno hydratyzowane Bielik","309","wapno cl 90 s","rodzaj ogólny","<10","","","","","",""
"Wapno hydratyzowane Bielik","309","wapno budowlane tarnów","rodzaj ogólny","<10","","/","7.6","217","0","5"
"Wapno hydratyzowane Bielik","309","wapno hydratyzowane do oczyszczalni","nazwa + zastosowanie","<10","","","","","",""
"Wapno hydratyzowane Bielik","309","wapno do uzdatniania wody","nazwa + zastosowanie","<10","","","","","",""
"Wapno hydratyzowane Bielik","309","wapno hydratyzowane dawkowanie","dawka","<10","","","","","",""
"Wapno hydratyzowane Bielik","309","wapno hydratyzowane nordkalk","producent/zakład","<10","","","","","",""
"Wapno hydratyzowane Bielik","309","wapno hydratyzowane trzuskawica","producent/zakład","<10","","","","","",""
"Wapno hydratyzowane Bielik","309","wapno hydratyzowane kujawy","producent/zakład","<10","","","","","",""
"Wapno hydratyzowane Bielik","309","wapno hydratyzowane a palone","porównanie","<10","","","","","",""
"Wapno hydratyzowane Bielik","309","wapno hydratyzowane czy palone","porównanie","<10","","","","","",""
"Dolomit","302","dolomit","nazwa","6600","0.36","","","","",""
"Dolomit","302","dolomit nawóz","nazwa","880","0.54","/wapnowanie-gleby/","6","1","0","1"
"Dolomit","302","dolomit nawozowy","nazwa","10","","","","","",""
"Dolomit","302","wapno dolomitowe","nazwa","720","0.52","","","","",""
"Dolomit","302","dolomit wapno","nazwa","390","0.48","","","","",""
"Dolomit","302","dolomit 25 kg","nazwa","50","1.33","","","","",""
"Dolomit","302","dolomit 10 kg","nazwa","40","0.53","","","","",""
"Dolomit","302","dolomit mielony","nazwa","40","0.21","","","","",""
"Dolomit","302","dolomit na trawnik","nazwa + zastosowanie","590","0.68","","","","",""
"Dolomit","302","dolomit do ogrodu","nazwa + zastosowanie","70","0.31","","","","",""
"Dolomit","302","dolomit na działkę","nazwa + zastosowanie","10","","","","","",""
"Dolomit","302","dolomit dawkowanie","nazwa + dawka","40","","","","","",""
"Dolomit","302","dolomit cena","nazwa + cena","140","0.5","","","","",""
"Dolomit","302","dolomit cena za tonę","nazwa + cena","90","0.52","","","","",""
"Dolomit","302","dolomit nawóz cena","nazwa + cena","10","0.42","","","","",""
"Dolomit","302","dolomit na pole","nazwa + zastosowanie","<10","","","","","",""
"Dolomit","302","dolomit do sadu","nazwa + zastosowanie","<10","","","","","",""
"Dolomit","302","dolomit na warzywa","nazwa + zastosowanie","10","","","","","",""
"Dolomit","302","dolomit rolnictwo ekologiczne","nazwa + zastosowanie","<10","","","","","",""
"Dolomit","302","dolomit ile na hektar","nazwa + dawka","<10","","","","","",""
"Dolomit","302","wapno dolomitowe cena","nazwa + cena","50","0.85","","","","",""
"Dolomit","302","siarkopol","producent / zakład","1300","0.8","","","","",""
"Dolomit","302","nawóz wapniowo magnezowy","rodzaj ogólny","260","0.83","","","","",""
"Dolomit","302","wapno magnezowe","rodzaj ogólny","1900","0.6","/wapno-nawozowe-rolnictwo/weglanowe-magnez-granulowane/","48.9","27","0","2"
"Dolomit","302","wapno z magnezem","rodzaj ogólny","210","0.32","/wapnowanie-gleby/","2","2","0","1"
"Dolomit","302","dolomit czy wapno","porównania","20","","","","","",""
"Dolomit","302","dolomit luzem","nazwa + cena","<10","","","","","",""
"Dolomit","302","siarkopol dolomit","producent / zakład","<10","","","","","",""
"Dolomit","302","dolomit tarnobrzeg","producent / zakład","<10","","","","","",""
"Dolomit","302","dolomit a wapno magnezowe","porównania","<10","","","","","",""
"Dolomit","302","dolomit czy kreda","porównania","<10","","","","","",""
"Kreda czarna (jeziorna)","303","czarna kreda","nazwa","720","0.51","/wapnowanie-gleby/","5.5","3","0","2"
"Kreda czarna (jeziorna)","303","kreda czarna","nazwa","70","0.53","","","","",""
"Kreda czarna (jeziorna)","303","kreda jeziorna","nazwa","320","0.64","/wapno-nawozowe-rolnictwo/kreda-czarna-jeziorna/","29.7","3","0","1"
"Kreda czarna (jeziorna)","303","czarna kreda granulowana","nazwa","140","0.33","/wapnowanie-gleby/","2","4","0","1"
"Kreda czarna (jeziorna)","303","grankal","producent / zakład","110","1.41","","","","",""
"Kreda czarna (jeziorna)","303","czarna kreda dawkowanie","nazwa + dawka","20","","","","","",""
"Kreda czarna (jeziorna)","303","kreda jeziorna dawkowanie","nazwa + dawka","10","","/wapno-nawozowe-rolnictwo/kreda-czarna-jeziorna/","18","1","0","1"
"Kreda czarna (jeziorna)","303","czarna kreda cena","nazwa + cena / forma","70","0.53","/wapno-nawozowe-rolnictwo/kreda-nawozowa-granulowana/","2","1","0","1"
"Kreda czarna (jeziorna)","303","kreda czarna jeziorna","nazwa","<10","","","","","",""
"Kreda czarna (jeziorna)","303","kreda z kwasami humusowymi","nazwa","<10","","","","","",""
"Kreda czarna (jeziorna)","303","czarna kreda z humusem","nazwa","<10","","","","","",""
"Kreda czarna (jeziorna)","303","wapno kredowe czarne","nazwa","<10","","","","","",""
"Kreda czarna (jeziorna)","303","grankal kreda","producent / zakład","<10","","","","","",""
"Kreda czarna (jeziorna)","303","czarna kreda grankal","producent / zakład","<10","","","","","",""
"Kreda czarna (jeziorna)","303","grankal draby","producent / zakład","<10","","","","","",""
"Kreda czarna (jeziorna)","303","czarna kreda do ogrodu","nazwa + zastosowanie","<10","","","","","",""
"Kreda czarna (jeziorna)","303","czarna kreda na trawnik","nazwa + zastosowanie","<10","","","","","",""
"Kreda czarna (jeziorna)","303","czarna kreda na pole","nazwa + zastosowanie","<10","","","","","",""
"Kreda czarna (jeziorna)","303","ile czarnej kredy na hektar","nazwa + dawka","10","","/wapnowanie-gleby/","8.4","41","0","1"
"Kreda czarna (jeziorna)","303","czarna kreda ile na hektar","nazwa + dawka","40","","/wapnowanie-gleby/","9.8","17","0","1"
"Kreda czarna (jeziorna)","303","kreda jeziorna cena","nazwa + cena / forma","40","0.49","/wapno-nawozowe-rolnictwo/kreda-nawozowa-granulowana/","2","1","0","1"
"Kreda czarna (jeziorna)","303","czarna kreda opinie","opinie / porównania","170","","/wapnowanie-gleby/","3","3","0","1"
"Kreda czarna (jeziorna)","303","czarna kreda big bag","nazwa + cena / forma","<10","","","","","",""
"Kreda czarna (jeziorna)","303","czarna kreda 25 kg","nazwa + cena / forma","<10","","","","","",""
"Kreda czarna (jeziorna)","303","czarna kreda czy wapno","opinie / porównania","<10","","","","","",""
"Kreda czarna (jeziorna)","303","kreda czarna czy biała","opinie / porównania","<10","","","","","",""
"Kreda malarska","304","kreda malarska","nazwa","320","0.39","/kreda-malarska/kreda-malarska/","7.9","86","0","2"
"Kreda malarska","304","kreda malarska 30 kg","nazwa","40","0.34","/kreda-malarska/kreda-malarska/","20","1","0","1"
"Kreda malarska","304","kreda techniczna","nazwa","90","0.67","","","","",""
"Kreda malarska","304","kreda malarska w ogrodnictwie","nazwa + zastosowanie","20","0.11","/kreda-malarska/kreda-malarska/","8.9","24","0","1"
"Kreda malarska","304","kreda malarska cena","nazwa + cena","10","0.25","","","","",""
"Kreda malarska","304","kreda malarska castorama","nazwa + cena","90","0.53","","","","",""
"Kreda malarska","304","kreda malarska gdzie kupić","nazwa + cena","20","0.12","/kreda-malarska/kreda-malarska/","5","1","0","1"
"Kreda malarska","304","kreda malarska sypka","nazwa","<10","","","","","",""
"Kreda malarska","304","kreda malarska do bielenia","nazwa + zastosowanie","<10","","","","","",""
"Kreda malarska","304","kreda malarska do drzew","nazwa + zastosowanie","<10","","","","","",""
"Kreda malarska","304","bielenie drzew kredą","nazwa + zastosowanie","<10","","","","","",""
"Kreda malarska","304","kreda malarska do ogrodu","nazwa + zastosowanie","<10","","","","","",""
"Kreda malarska","304","kreda malarska na ściany","nazwa + zastosowanie","<10","","","","","",""
"Kreda malarska","304","kreda malarska do farby","nazwa + zastosowanie","<10","","","","","",""
"Kreda malarska","304","kreda malarska na trawnik","nazwa + zastosowanie","<10","","","","","",""
"Kreda malarska","304","kreda malarska do malowania","nazwa + zastosowanie","<10","","","","","",""
"Kreda malarska","304","kreda malarska proporcje","nazwa + dawka","<10","","","","","",""
"Kreda malarska","304","jak rozrobić kredę malarską","nazwa + dawka","<10","","","","","",""
"Kreda malarska","304","kreda malarska lhoist","producent","<10","","","","","",""
"Kreda malarska","304","kreda do bielenia","rodzaj ogólny","<10","","","","","",""
"Kreda malarska","304","kreda pylista","rodzaj ogólny","20","0.42","","","","",""
"Kreda malarska","304","mączka kredowa","rodzaj ogólny","<10","","","","","",""
"Kreda malarska","304","kreda malarska czy wapno","porównania","<10","","","","","",""
"Kreda malarska","304","kreda malarska a wapno do bielenia","porównania","<10","","","","","",""
"Kreda malarska","304","kreda malarska a kreda nawozowa","porównania","<10","","","","","",""
"Kreda nawozowa granulowana","305","kreda nawozowa granulowana","nazwa / marka","140","1.08","/wapno-nawozowe-rolnictwo/kreda-nawozowa-granulowana/","12.4","11","0","1"
"Kreda nawozowa granulowana","305","kreda granulowana","nazwa / marka","480","0.86","/wapno-nawozowe-rolnictwo/kreda-nawozowa-granulowana/","20.8","5","0","2"
"Kreda nawozowa granulowana","305","kreda granulowana nawozowa","nazwa / marka","20","0.5","/wapnowanie-gleby/","2","2","0","2"
"Kreda nawozowa granulowana","305","wapno kredowe granulowane","nazwa / marka","260","0.46","/wapnowanie-gleby/","2.4","9","0","1"
"Kreda nawozowa granulowana","305","kreda nawozowa","nazwa / marka","1000","0.3","/wapno-nawozowe-rolnictwo/kreda-nawozowa-granulowana/","23.9","38","0","3"
"Kreda nawozowa granulowana","305","kreda rolnicza","nazwa / marka","30","0.87","/wapno-nawozowe-rolnictwo/kreda-nawozowa-granulowana/","33","1","0","1"
"Kreda nawozowa granulowana","305","wapniak kornicki","nazwa / marka","720","0.75","/wapnowanie-gleby/","3","1","0","1"
"Kreda nawozowa granulowana","305","kornica kreda","producent / zakład","20","","","","","",""
"Kreda nawozowa granulowana","305","kreda kornica","producent / zakład","50","1.88","","","","",""
"Kreda nawozowa granulowana","305","kzk kornica","producent / zakład","30","0.53","","","","",""
"Kreda nawozowa granulowana","305","wapno kornica","producent / zakład","20","0.54","","","","",""
"Kreda nawozowa granulowana","305","kreda do stawu","nazwa + zastosowanie","1300","0.88","","","","",""
"Kreda nawozowa granulowana","305","kreda do odkwaszania gleby","nazwa + zastosowanie","20","0.47","/wapno-nawozowe-rolnictwo/kreda-nawozowa-granulowana/","19","2","0","1"
"Kreda nawozowa granulowana","305","kreda nawozowa zastosowanie","nazwa + zastosowanie","10","","","","","",""
"Kreda nawozowa granulowana","305","kreda granulowana ile na hektar","nazwa + dawka","30","","/wapnowanie-gleby/","7.0","111","0","2"
"Kreda nawozowa granulowana","305","kreda nawozowa granulowana dawkowanie","nazwa + dawka","10","","/wapno-nawozowe-rolnictwo/kreda-nawozowa-granulowana/","5.3","7","0","1"
"Kreda nawozowa granulowana","305","kreda granulowana dawkowanie","nazwa + dawka","20","","/wapnowanie-gleby/","3","2","0","1"
"Kreda nawozowa granulowana","305","kreda granulowana do stawu","nazwa + zastosowanie","50","1.71","","","","",""
"Kreda nawozowa granulowana","305","kreda granulowana do sadu","nazwa + zastosowanie","<10","","","","","",""
"Kreda nawozowa granulowana","305","ile kredy granulowanej na hektar","nazwa + dawka","10","4.06","/wapnowanie-gleby/","7","39","0","1"
"Kreda nawozowa granulowana","305","ile kredy nawozowej na hektar","nazwa + dawka","10","","/wapnowanie-gleby/","5.4","27","1","2"
"Kreda nawozowa granulowana","305","kreda nawozowa dawkowanie","nazwa + dawka","70","0.58","/wapnowanie-gleby/","6.2","89","1","2"
"Kreda nawozowa granulowana","305","ile kredy na hektar","nazwa + dawka","110","3.49","/wapnowanie-gleby/","8.9","246","2","2"
"Kreda nawozowa granulowana","305","kreda nawozowa granulowana cena","nazwa + cena / forma","30","0.64","/wapno-nawozowe-rolnictwo/kreda-nawozowa-granulowana/","5.4","26","0","2"
"Kreda nawozowa granulowana","305","kreda granulowana cena","nazwa + cena / forma","20","0.39","/wapnowanie-gleby/","2","1","0","1"
"Kreda nawozowa granulowana","305","kreda nawozowa cena","nazwa + cena / forma","50","0.18","/wapno-nawozowe-rolnictwo/kreda-nawozowa-granulowana/","2","3","0","2"
"Kreda nawozowa granulowana","305","cena kredy nawozowej","nazwa + cena / forma","20","0.1","/wapno-nawozowe-rolnictwo/kreda-nawozowa-granulowana/","10","8","0","2"
"Kreda nawozowa granulowana","305","kreda granulowana big bag","nazwa + cena / forma","90","0.52","","","","",""
"Kreda nawozowa granulowana","305","wapno kredowe","rodzaj ogólny","590","0.48","/wapnowanie-gleby/","2","3","1","1"
"Kreda nawozowa granulowana","305","wapno węglanowe granulowane","rodzaj ogólny","390","0.58","/wapno-nawozowe-rolnictwo/weglanowe-granulowane/","21.8","143","0","3"
"Kreda nawozowa granulowana","305","kreda czy wapno","porównania","20","","","","","",""
"Kreda nawozowa granulowana","305","kreda nawozowa ile na hektar","nazwa + dawka","10","","/wapnowanie-gleby/","2.5","22","0","2"
"Kreda nawozowa granulowana","305","wapno kredowe granulowane ile na hektar","nazwa + dawka","10","5.5","/wapnowanie-gleby/","7.3","105","0","1"
"Kreda nawozowa granulowana","305","kreda granulowana 25 kg","nazwa + cena / forma","10","0.43","","","","",""
"Kreda nawozowa granulowana","305","kreda nawozowa cena za tonę","nazwa + cena / forma","30","0.64","/wapno-nawozowe-rolnictwo/kreda-nawozowa-sypka/","18","1","0","1"
"Kreda nawozowa granulowana","305","kreda węglanowa","rodzaj ogólny","10","0.16","","","","",""
"Kreda nawozowa granulowana","305","kreda granulowana czy sypka","porównania","<10","","","","","",""
"Kreda nawozowa granulowana","305","kreda nawozowa czy dolomit","porównania","<10","","","","","",""
"Kreda nawozowa sypka","306","kreda nawozowa sypka","nazwa","40","0.17","/wapno-nawozowe-rolnictwo/","8.1","62","0","3"
"Kreda nawozowa sypka","306","kreda sypka","nazwa","20","0.43","/wapno-nawozowe-rolnictwo/kreda-nawozowa-sypka/","5","6","0","2"
"Kreda nawozowa sypka","306","wapno kredowe sypkie","nazwa","50","0.54","/wapnowanie-gleby/","2","1","0","1"
"Kreda nawozowa sypka","306","kreda nawozowa luzem","nazwa","20","0.39","/wapnowanie-gleby/","2","1","0","1"
"Kreda nawozowa sypka","306","kreda nawozowa 06a","odmiana","10","0.37","","","","",""
"Kreda nawozowa sypka","306","kreda 06a","odmiana","50","0.64","/wapnowanie-gleby/","5","1","0","1"
"Kreda nawozowa sypka","306","kopalnia drugnia","producent / zakład","40","","","","","",""
"Kreda nawozowa sypka","306","kreda sypka nawozowa","nazwa","<10","","","","","",""
"Kreda nawozowa sypka","306","kreda luzem","nazwa","10","2.1","","","","",""
"Kreda nawozowa sypka","306","kreda nawozowa odmiana 06","odmiana","<10","","","","","",""
"Kreda nawozowa sypka","306","wapno nawozowe odmiana 06","odmiana","<10","","","","","",""
"Kreda nawozowa sypka","306","drugnia kreda","producent / zakład","<10","","","","","",""
"Kreda nawozowa sypka","306","kreda pierzchnica","producent / zakład","<10","","","","","",""
"Kreda nawozowa sypka","306","wapno pierzchnica","producent / zakład","<10","","","","","",""
"Kreda nawozowa sypka","306","kreda sypka do stawu","nazwa + zastosowanie","<10","","","","","",""
"Kreda nawozowa sypka","306","kreda sypka ile na hektar","nazwa + dawka","<10","","","","","",""
"Kreda nawozowa sypka","306","kreda nawozowa sypka dawkowanie","nazwa + dawka","<10","","","","","",""
"Kreda nawozowa sypka","306","kreda nawozowa sypka cena","nazwa + cena","<10","","","","","",""
"Kreda nawozowa sypka","306","kreda sypka cena","nazwa + cena","<10","","","","","",""
"Kreda nawozowa sypka","306","kreda luzem cena","nazwa + cena","<10","","","","","",""
"Kreda nawozowa sypka","306","wapno węglanowe sypkie","rodzaj ogólny","20","1.32","/wapno-nawozowe-rolnictwo/weglanowe-magnez-odmiana-05/","8","6","0","2"
"Kreda nawozowa sypka","306","kreda nawozowa","rodzaj ogólny","1000","0.3","/wapno-nawozowe-rolnictwo/kreda-nawozowa-granulowana/","23.9","38","0","3"
"Kreda nawozowa sypka","306","kreda sypka czy granulowana","porównania","<10","","","","","",""
"Kreda pastewna","307","kreda pastewna","nazwa","2400","0.44","/kreda-pastewna/","21.7","5","0","2"
"Kreda pastewna","307","kreda paszowa","nazwa","90","0.42","/kreda-pastewna/","25.5","3","0","2"
"Kreda pastewna","307","kreda pastewna dla kur","nazwa + zastosowanie","1600","0.47","","","","",""
"Kreda pastewna","307","kreda pastewna dla kur niosek","nazwa + zastosowanie","110","0.55","","","","",""
"Kreda pastewna","307","kreda pastewna dla bydła","nazwa + zastosowanie","210","0.98","/kreda-pastewna/","32.8","17","0","3"
"Kreda pastewna","307","kreda pastewna dla krów","nazwa + zastosowanie","10","","","","","",""
"Kreda pastewna","307","kreda dla kur","nazwa + zastosowanie","720","0.67","","","","",""
"Kreda pastewna","307","kreda dla bydła","nazwa + zastosowanie","70","0.46","/kreda-pastewna/","22","10","0","2"
"Kreda pastewna","307","wapno dla kur niosek","nazwa + zastosowanie","210","0.54","","","","",""
"Kreda pastewna","307","kreda pastewna zastosowanie","nazwa + zastosowanie","10","","","","","",""
"Kreda pastewna","307","kreda pastewna na pole","nazwa + zastosowanie","20","0.57","/paszarstwo/","16","1","0","1"
"Kreda pastewna","307","kreda pastewna dawkowanie","nazwa + dawka","30","","/paszarstwo/kreda-pastewna/","21.2","13","0","3"
"Kreda pastewna","307","kreda pastewna dla kur dawkowanie","nazwa + dawka","90","0.36","/paszarstwo/","21.5","2","0","1"
"Kreda pastewna","307","kreda pastewna dla bydła dawkowanie","nazwa + dawka","70","0.04","/paszarstwo/","21.4","13","0","2"
"Kreda pastewna","307","ile kredy pastewnej dla kur","nazwa + dawka","50","1.85","","","","",""
"Kreda pastewna","307","kreda pastewna cena","nazwa + cena","40","0.28","","","","",""
"Kreda pastewna","307","kreda pastewna 30 kg","nazwa","<10","","","","","",""
"Kreda pastewna","307","kreda pastewna luzem","nazwa","<10","","","","","",""
"Kreda pastewna","307","kreda pastewna dla świń","nazwa + zastosowanie","<10","","","","","",""
"Kreda pastewna","307","co to jest kreda pastewna","nazwa + zastosowanie","20","0.08","","","","",""
"Kreda pastewna","307","kreda pastewna gruboziarnista","frakcja","30","0.56","","","","",""
"Kreda pastewna","307","kreda pastewna drobnoziarnista","frakcja","30","0.41","","","","",""
"Kreda pastewna","307","labtar kreda pastewna","producent / kopalnia","20","0.52","","","","",""
"Kreda pastewna","307","kreda pastewna cena za tonę","nazwa + cena","20","0.16","","","","",""
"Kreda pastewna","307","ile kosztuje kreda pastewna","nazwa + cena","20","0.12","","","","",""
"Kreda pastewna","307","kreda pastewna celiny","producent / kopalnia","<10","","","","","",""
"Kreda pastewna","307","kreda pastewna lhoist","producent / kopalnia","<10","","","","","",""
"Kreda pastewna","307","kreda pastewna nordkalk","producent / kopalnia","<10","","","","","",""
"Kreda pastewna","307","węglan wapnia paszowy","rodzaj ogólny","<10","","","","","",""
"Kreda pastewna","307","węglan wapnia dla zwierząt","rodzaj ogólny","<10","","","","","",""
"Kreda pastewna","307","grys wapienny dla kur","rodzaj ogólny","10","0.81","","","","",""
"Kreda pastewna","307","mączka wapienna paszowa","rodzaj ogólny","<10","","","","","",""
"Kreda pastewna","307","kreda pastewna czy muszle","porównania","<10","","","","","",""
"Kreda pastewna","307","kreda pastewna a wapno","porównania","<10","","","","","",""
"Mieszanka tlenkowo-węglanowa","308","wapno tlenkowo węglanowe","nazwa","10","1.42","","","","",""
"Mieszanka tlenkowo-węglanowa","308","wapno węglanowo tlenkowe","nazwa","10","","","","","",""
"Mieszanka tlenkowo-węglanowa","308","wapno do sadu","nazwa + zastosowanie","30","","","","","",""
"Mieszanka tlenkowo-węglanowa","308","wapno nawozowe luzem","nazwa + cena/forma","40","0.67","","","","",""
"Mieszanka tlenkowo-węglanowa","308","wapno nordkalk","producent/zakład","210","0.6","","","","",""
"Mieszanka tlenkowo-węglanowa","308","wapno trzuskawica","producent/zakład","30","1.18","","","","",""
"Mieszanka tlenkowo-węglanowa","308","wapno tlenkowe","rodzaj ogólny","720","0.52","/wapno-nawozowe-rolnictwo/wapno-tlenkowe-magnez/","25.5","58","0","3"
"Mieszanka tlenkowo-węglanowa","308","wapno nawozowe tlenkowe","rodzaj ogólny","50","0.94","/wapno-nawozowe-rolnictwo/wapno-tlenkowe-magnez/","13.4","157","0","5"
"Mieszanka tlenkowo-węglanowa","308","wapno węglanowe","rodzaj ogólny","1000","0.8","/wapno-nawozowe-rolnictwo/weglanowe-odmiana-04/","9.9","988","1","5"
"Mieszanka tlenkowo-węglanowa","308","wapno nawozowe","rodzaj ogólny","1300","0.96","/wapno-nawozowe-rolnictwo/","11.1","667","2","3"
"Mieszanka tlenkowo-węglanowa","308","mieszanka tlenkowo węglanowa","nazwa","<10","","","","","",""
"Mieszanka tlenkowo-węglanowa","308","mieszanka wapna tlenkowego i węglanowego","nazwa","<10","","","","","",""
"Mieszanka tlenkowo-węglanowa","308","wapno mieszane","nazwa","<10","","","","","",""
"Mieszanka tlenkowo-węglanowa","308","wapno tlenkowo węglanowe zastosowanie","nazwa + zastosowanie","<10","","","","","",""
"Mieszanka tlenkowo-węglanowa","308","wapno na gleby ciężkie","nazwa + zastosowanie","<10","","","","","",""
"Mieszanka tlenkowo-węglanowa","308","wapno tlenkowo węglanowe dawkowanie","nazwa + dawka","<10","","","","","",""
"Mieszanka tlenkowo-węglanowa","308","wapno tlenkowo węglanowe cena","nazwa + cena/forma","<10","","","","","",""
"Mieszanka tlenkowo-węglanowa","308","wapno luzem cena","nazwa + cena/forma","50","1.17","/wapnowanie-gleby/","2","5","0","1"
"Mieszanka tlenkowo-węglanowa","308","nordkalk wapno sitkówka","producent/zakład","30","1.6","","","","",""
"Mieszanka tlenkowo-węglanowa","308","wapno sitkówka","producent/zakład","<10","","","","","",""
"Mieszanka tlenkowo-węglanowa","308","wapno palone na pole","rodzaj ogólny","10","0.12","/","7.2","7","0","2"
"Mieszanka tlenkowo-węglanowa","308","wapno tlenkowe czy węglanowe","porównanie","10","","","","","",""
"Mieszanka tlenkowo-węglanowa","308","wapno tlenkowe a węglanowe","porównanie","10","16.98","","","","",""
"Mieszanka tlenkowo-węglanowa","308","wapno węglanowe czy tlenkowe","porównanie","10","","","","","",""
"Wapno nawozowe tlenkowe Oxyfertil 90","312","oxyfertil","nazwa / marka","30","","/wapno-nawozowe-rolnictwo/oxyfertil-90/","5.9","83","3","2"
"Wapno nawozowe tlenkowe Oxyfertil 90","312","oxyfertil 90","nazwa / marka","10","3.7","/wapno-nawozowe-rolnictwo/oxyfertil-90/","4.9","22","2","1"
"Wapno nawozowe tlenkowe Oxyfertil 90","312","wapno oxyfertil","nazwa / marka","20","","/wapno-nawozowe-rolnictwo/oxyfertil-90/","3.8","60","4","2"
"Wapno nawozowe tlenkowe Oxyfertil 90","312","oxyfertil wapno","nazwa / marka","10","1.04","/wapno-nawozowe-rolnictwo/oxyfertil-90/","6.3","6","1","1"
"Wapno nawozowe tlenkowe Oxyfertil 90","312","wapno tlenkowe oxyfertil","nazwa / marka","10","0.5","","","","",""
"Wapno nawozowe tlenkowe Oxyfertil 90","312","oxifertil","nazwa / marka","0","","/wapno-nawozowe-rolnictwo/oxyfertil-90/","9.5","2","0","1"
"Wapno nawozowe tlenkowe Oxyfertil 90","312","oxyfertil dawkowanie","nazwa + zastosowanie / dawka / cena / forma","10","","","","","",""
"Wapno nawozowe tlenkowe Oxyfertil 90","312","wapno oxyfertil dawkowanie","nazwa + zastosowanie / dawka / cena / forma","10","","","","","",""
"Wapno nawozowe tlenkowe Oxyfertil 90","312","oxyfertil 90 cena","nazwa + zastosowanie / dawka / cena / forma","10","","/wapno-nawozowe-rolnictwo/oxyfertil-90/","1.8","4","1","1"
"Wapno nawozowe tlenkowe Oxyfertil 90","312","oxyfertil cena","nazwa + zastosowanie / dawka / cena / forma","10","","","","","",""
"Wapno nawozowe tlenkowe Oxyfertil 90","312","wapno oxyfertil cena","nazwa + zastosowanie / dawka / cena / forma","10","1.37","","","","",""
"Wapno nawozowe tlenkowe Oxyfertil 90","312","oxyfertil lhoist","producent / zakład (magazyny z karty: Tarnów Opolski, Góraźdźce)","10","","","","","",""
"Wapno nawozowe tlenkowe Oxyfertil 90","312","lhoist","producent / zakład (magazyny z karty: Tarnów Opolski, Góraźdźce)","480","1.08","","","","",""
"Wapno nawozowe tlenkowe Oxyfertil 90","312","lhoist wapno","producent / zakład (magazyny z karty: Tarnów Opolski, Góraźdźce)","30","1.81","","","","",""
"Wapno nawozowe tlenkowe Oxyfertil 90","312","wapno lhoist","producent / zakład (magazyny z karty: Tarnów Opolski, Góraźdźce)","20","0.28","","","","",""
"Wapno nawozowe tlenkowe Oxyfertil 90","312","lhoist tarnów opolski","producent / zakład (magazyny z karty: Tarnów Opolski, Góraźdźce)","170","1.5","","","","",""
"Wapno nawozowe tlenkowe Oxyfertil 90","312","lhoist górażdże","producent / zakład (magazyny z karty: Tarnów Opolski, Góraźdźce)","70","","","","","",""
"Wapno nawozowe tlenkowe Oxyfertil 90","312","wapno tarnów opolski","producent / zakład (magazyny z karty: Tarnów Opolski, Góraźdźce)","10","","","","","",""
"Wapno nawozowe tlenkowe Oxyfertil 90","312","oxyfertil zastosowanie","nazwa + zastosowanie / dawka / cena / forma","<10","","","","","",""
"Wapno nawozowe tlenkowe Oxyfertil 90","312","oxyfertil big bag","nazwa + zastosowanie / dawka / cena / forma","<10","","","","","",""
"Wapno nawozowe tlenkowe Oxyfertil 90","312","wapno górażdże","producent / zakład (magazyny z karty: Tarnów Opolski, Góraźdźce)","20","2.42","","","","",""
"Wapno nawozowe tlenkowe Oxyfertil 90","312","wapno tlenkowe 90","rodzaj ogólny","20","0.4","","","","",""
"Wapno nawozowe tlenkowe Oxyfertil 90","312","wapno palone 90","rodzaj ogólny","<10","","","","","",""
"Wapno nawozowe tlenkowe Oxyfertil 90","312","wapno tlenkowe kruszone","rodzaj ogólny","<10","","","","","",""
"Wapno nawozowe tlenkowe Oxyfertil 90","312","wapno palone kruszone","rodzaj ogólny","<10","","/wp-content/uploads/2023/06/5.pdf","6.5","5","0","2"
"Wapno nawozowe tlenkowe Oxyfertil 90","312","wapno do higienizacji osadów","rodzaj ogólny","<10","","","","","",""
"Wapno nawozowe tlenkowe Oxyfertil 90","312","wapno do oczyszczalni","rodzaj ogólny","<10","","","","","",""
"Wapno nawozowe tlenkowe Oxyfertil 90","312","oxyfertil czy agrobielik","porównania","<10","","","","","",""
"Wapno nawozowe tlenkowe Oxyfertil 90","312","oxyfertil czy agrobielik 90","porównania","<10","","","","","",""
"Wapno nawozowe tlenkowe Oxyfertil 90","312","wapno nawozowe tlenkowe","rodzaj ogólny","50","0.94","/wapno-nawozowe-rolnictwo/wapno-tlenkowe-magnez/","13.4","157","0","5"
"Wapno palone mielone wysokoreaktywne","320","wapno palone mielone","nazwa","10","0.55","/wapno-do-oczyszczalni/wapno-palone-mielone-wysokoreaktywne-luz-24t/","4","3","1","2"
"Wapno palone mielone wysokoreaktywne","320","wapno wysokoreaktywne","nazwa","20","","","","","",""
"Wapno palone mielone wysokoreaktywne","320","wapno palone","nazwa","2400","0.49","/wapno-hydratyzowane/bielik/","4","1","0","1"
"Wapno palone mielone wysokoreaktywne","320","wapno niegaszone","nazwa","170","0.41","","","","",""
"Wapno palone mielone wysokoreaktywne","320","tlenek wapnia","nazwa","1300","0.86","","","","",""
"Wapno palone mielone wysokoreaktywne","320","wapno palone cena","nazwa + cena/forma","90","0.34","","","","",""
"Wapno palone mielone wysokoreaktywne","320","wapno palone mielone cena","nazwa + cena/forma","10","","","","","",""
"Wapno palone mielone wysokoreaktywne","320","wapno palone cena za tonę","nazwa + cena/forma","30","0.33","","","","",""
"Wapno palone mielone wysokoreaktywne","320","higienizacja osadów ściekowych","nazwa + zastosowanie","30","","/wapno-do-oczyszczalni/","16.6","172","0","1"
"Wapno palone mielone wysokoreaktywne","320","wapnowanie osadów ściekowych","nazwa + zastosowanie","20","","/wapno-do-oczyszczalni/","13.5","132","0","2"
"Wapno palone mielone wysokoreaktywne","320","wapno do stabilizacji gruntu","nazwa + zastosowanie","10","1.44","","","","",""
"Wapno palone mielone wysokoreaktywne","320","stabilizacja gruntu wapnem","nazwa + zastosowanie","50","","","","","",""
"Wapno palone mielone wysokoreaktywne","320","wapno palone mielone wysokoreaktywne","nazwa","<10","","","","","",""
"Wapno palone mielone wysokoreaktywne","320","wapno cl 90 q","nazwa","<10","","","","","",""
"Wapno palone mielone wysokoreaktywne","320","wapno palone big bag","nazwa + cena/forma","<10","","","","","",""
"Wapno palone mielone wysokoreaktywne","320","wapno palone luzem","nazwa + cena/forma","<10","","","","","",""
"Wapno palone mielone wysokoreaktywne","320","wapno do oczyszczalni","nazwa + zastosowanie","<10","","","","","",""
"Wapno palone mielone wysokoreaktywne","320","wapno do higienizacji osadów","nazwa + zastosowanie","<10","","","","","",""
"Wapno palone mielone wysokoreaktywne","320","higienizacja osadów wapnem","nazwa + zastosowanie","<10","","","","","",""
"Wapno palone mielone wysokoreaktywne","320","wapno do osadów ściekowych","nazwa + zastosowanie","<10","","","","","",""
"Wapno palone mielone wysokoreaktywne","320","wapno do szamba","nazwa + zastosowanie","70","0.9","/wapno-do-oczyszczalni/","11.1","66","0","2"
"Wapno palone mielone wysokoreaktywne","320","wapno palone a gaszone","porównanie","90","2.06","","","","",""
"Wapno palone mielone wysokoreaktywne","320","wapno palone do szamba","nazwa + zastosowanie","<10","","","","","",""
"Wapno palone mielone wysokoreaktywne","320","wapno palone dawkowanie","dawka","<10","","","","","",""
"Wapno palone mielone wysokoreaktywne","320","wapno palone nordkalk","producent/zakład","<10","","","","","",""
"Wapno palone mielone wysokoreaktywne","320","wapno palone sitkówka","producent/zakład","<10","","","","","",""
"Wapno palone mielone wysokoreaktywne","320","wapno palone trzuskawica","producent/zakład","<10","","","","","",""
"Wapno palone mielone wysokoreaktywne","320","wapno palone a hydratyzowane","porównanie","10","","","","","",""
"Wapno palone mielone wysokoreaktywne","320","wapno palone czy gaszone","porównanie","<10","","","","","",""
"Wapno nawozowe tlenkowe zawierające magnez","313","wapno tlenkowo magnezowe","nazwa / rodzaj (produkt nie ma nazwy handlowej)","50","0.35","/wapno-nawozowe-rolnictwo/wapno-tlenkowe-magnez/","10.4","50","0","3"
"Wapno nawozowe tlenkowe zawierające magnez","313","wapno tlenkowe z magnezem","nazwa / rodzaj (produkt nie ma nazwy handlowej)","10","","","","","",""
"Wapno nawozowe tlenkowe zawierające magnez","313","wapno magnezowe tlenkowe","nazwa / rodzaj (produkt nie ma nazwy handlowej)","20","0.09","","","","",""
"Wapno nawozowe tlenkowe zawierające magnez","313","wapno tlenkowe z magnezem granulowane","nazwa / rodzaj (produkt nie ma nazwy handlowej)","10","0.23","","","","",""
"Wapno nawozowe tlenkowe zawierające magnez","313","wapno magnezowe","rodzaj ogólny","1900","0.6","/wapno-nawozowe-rolnictwo/weglanowe-magnez-granulowane/","48.9","27","0","2"
"Wapno nawozowe tlenkowe zawierające magnez","313","wapno z magnezem","rodzaj ogólny","210","0.32","/wapnowanie-gleby/","2","2","0","1"
"Wapno nawozowe tlenkowe zawierające magnez","313","wapno nawozowe z magnezem","rodzaj ogólny","90","0.79","/wapno-nawozowe-rolnictwo/weglanowe-magnez-odmiana-05/","29","2","0","2"
"Wapno nawozowe tlenkowe zawierające magnez","313","wapno magnezowe sypkie","rodzaj ogólny","30","0.68","","","","",""
"Wapno nawozowe tlenkowe zawierające magnez","313","wapno magnezowe dawkowanie","+ dawka / cena / forma","20","","/wapnowanie-gleby/","6.9","28","0","1"
"Wapno nawozowe tlenkowe zawierające magnez","313","wapno magnezowe ile na hektar","+ dawka / cena / forma","70","","/wapnowanie-gleby/","8.0","258","2","1"
"Wapno nawozowe tlenkowe zawierające magnez","313","ile wapna magnezowego na hektar","+ dawka / cena / forma","90","5.59","/wapnowanie-gleby/","9.8","212","0","1"
"Wapno nawozowe tlenkowe zawierające magnez","313","wapno tlenkowo magnezowe cena","+ dawka / cena / forma","10","","","","","",""
"Wapno nawozowe tlenkowe zawierające magnez","313","wapno magnezowe cena","+ dawka / cena / forma","90","0.26","","","","",""
"Wapno nawozowe tlenkowe zawierające magnez","313","wapno nawozowe tlenkowe z magnezem","nazwa / rodzaj (produkt nie ma nazwy handlowej)","<10","","","","","",""
"Wapno nawozowe tlenkowe zawierające magnez","313","wapno nawozowe tlenkowe zawierające magnez","nazwa / rodzaj (produkt nie ma nazwy handlowej)","<10","","","","","",""
"Wapno nawozowe tlenkowe zawierające magnez","313","wapno tlenkowe 70 25","nazwa / rodzaj (produkt nie ma nazwy handlowej)","<10","","","","","",""
"Wapno nawozowe tlenkowe zawierające magnez","313","wapno tlenkowe 25 mgo","nazwa / rodzaj (produkt nie ma nazwy handlowej)","<10","","","","","",""
"Wapno nawozowe tlenkowe zawierające magnez","313","sprzedaż wapna tlenkowego","rodzaj ogólny","<10","","/wapno-nawozowe-rolnictwo/wapno-tlenkowe-magnez/","24.4","31","0","1"
"Wapno nawozowe tlenkowe zawierające magnez","313","wapno tlenkowo magnezowe dawkowanie","+ dawka / cena / forma","<10","","","","","",""
"Wapno nawozowe tlenkowe zawierające magnez","313","wapno magnezowe cena za tonę","+ dawka / cena / forma","140","0.81","/wapnowanie-gleby/","2.5","4","0","1"
"Wapno nawozowe tlenkowe zawierające magnez","313","wapno magnezowe big bag","+ dawka / cena / forma","40","0.32","/wapno-nawozowe-hurt/wapno-zawierajace-magnez-big-bag-1000kg/","23","2","0","1"
"Wapno nawozowe tlenkowe zawierające magnez","313","wapno magnezowe luzem","+ dawka / cena / forma","40","0.65","/wapnowanie-gleby/","2","2","0","1"
"Wapno nawozowe tlenkowe zawierające magnez","313","lhoist częstochowa","producent / zakład (magazyny z karty: Częstochowa)","40","","","","","",""
"Wapno nawozowe tlenkowe zawierające magnez","313","kiedy stosować wapno magnezowe","rodzaj + termin","70","","/wapnowanie-gleby/","3","1","0","1"
"Wapno nawozowe tlenkowe zawierające magnez","313","wapno magnezowe pod ziemniaki","+ zastosowanie","10","","","","","",""
"Wapno nawozowe tlenkowe zawierające magnez","313","wapno magnezowe pod rzepak","+ zastosowanie","<10","","","","","",""
"Wapno nawozowe tlenkowe zawierające magnez","313","wapno magnezowe pod zboża","+ zastosowanie","<10","","","","","",""
"Wapno nawozowe tlenkowe zawierające magnez","313","wapno magnezowe pod buraki","+ zastosowanie","<10","","","","","",""
"Wapno nawozowe tlenkowe zawierające magnez","313","lhoist wapno magnezowe","producent / zakład (magazyny z karty: Częstochowa)","<10","","","","","",""
"Wapno nawozowe tlenkowe zawierające magnez","313","wapno tlenkowe czy magnezowe","porównania","<10","","","","","",""
"Wapno nawozowe tlenkowe zawierające magnez","313","wapno magnezowe czy zwykłe","porównania","<10","","","","","",""
"Wapno nawozowe tlenkowe zawierające magnez","313","wapno magnezowe czy dolomit","porównania","<10","","","","","",""
"Wapno nawozowe tlenkowe zawierające magnez","313","wapno tlenkowe","rodzaj ogólny","720","0.52","/wapno-nawozowe-rolnictwo/wapno-tlenkowe-magnez/","25.5","58","0","3"
"Wapno nawozowe tlenkowe zawierające magnez","313","wapno nawozowe tlenkowe","rodzaj ogólny","50","0.94","/wapno-nawozowe-rolnictwo/wapno-tlenkowe-magnez/","13.4","157","0","5"
"Wapno nawozowe węglanowe bez magnezu granulowane","314","wapno węglanowe granulowane","nazwa","390","0.58","/wapno-nawozowe-rolnictwo/weglanowe-granulowane/","21.8","143","0","3"
"Wapno nawozowe węglanowe bez magnezu granulowane","314","wapno nawozowe węglanowe granulowane","nazwa","<10","","/wapno-nawozowe-rolnictwo/weglanowe-granulowane/","18.4","83","0","3"
"Wapno nawozowe węglanowe bez magnezu granulowane","314","wapno granulowane węglanowe","nazwa","50","1.03","/wapno-nawozowe-rolnictwo/weglanowe-granulowane/","20","1","0","1"
"Wapno nawozowe węglanowe bez magnezu granulowane","314","wapno węglanowe bez magnezu granulowane","nazwa","<10","","","","","",""
"Wapno nawozowe węglanowe bez magnezu granulowane","314","wapno granulowane bez magnezu","nazwa","<10","","","","","",""
"Wapno nawozowe węglanowe bez magnezu granulowane","314","granulat wapniowy","nazwa","<10","","","","","",""
"Wapno nawozowe węglanowe bez magnezu granulowane","314","calcifertil","nazwa (marka z atrybutu)","10","","","","","",""
"Wapno nawozowe węglanowe bez magnezu granulowane","314","wapno calcifertil","nazwa (marka z atrybutu)","<10","","","","","",""
"Wapno nawozowe węglanowe bez magnezu granulowane","314","grankal","nazwa (marka z atrybutu)","110","1.41","","","","",""
"Wapno nawozowe węglanowe bez magnezu granulowane","314","wapno grankal","nazwa (marka z atrybutu)","20","0.11","","","","",""
"Wapno nawozowe węglanowe bez magnezu granulowane","314","wapno granulowane do sadu","nazwa+zastosowanie","<10","","","","","",""
"Wapno nawozowe węglanowe bez magnezu granulowane","314","wapno granulowane na gleby lekkie","nazwa+zastosowanie","<10","","","","","",""
"Wapno nawozowe węglanowe bez magnezu granulowane","314","wapno granulowane ekologiczne","nazwa+zastosowanie","<10","","","","","",""
"Wapno nawozowe węglanowe bez magnezu granulowane","314","wapno granulowane siewnik","nazwa+zastosowanie","<10","","","","","",""
"Wapno nawozowe węglanowe bez magnezu granulowane","314","ile wapna granulowanego na hektar","nazwa+dawka","480","3.33","/wapnowanie-gleby/","7.2","2033","5","2"
"Wapno nawozowe węglanowe bez magnezu granulowane","314","wapno granulowane ile na hektar","nazwa+dawka","170","3.34","/wapnowanie-gleby/","8.1","380","1","1"
"Wapno nawozowe węglanowe bez magnezu granulowane","314","wapno węglanowe granulowane ile na hektar","nazwa+dawka","20","","/wapnowanie-gleby/","7.0","83","0","1"
"Wapno nawozowe węglanowe bez magnezu granulowane","314","wapno granulowane dawkowanie","nazwa+dawka","40","4.76","/wapnowanie-gleby/","11.2","20","0","1"
"Wapno nawozowe węglanowe bez magnezu granulowane","314","wapno granulowane cena","nazwa+cena","480","1.02","/wapnowanie-gleby/","2","17","1","1"
"Wapno nawozowe węglanowe bez magnezu granulowane","314","wapno węglanowe granulowane cena","nazwa+cena","30","0.81","/wapno-nawozowe-rolnictwo/weglanowe-granulowane/","10.9","7","0","1"
"Wapno nawozowe węglanowe bez magnezu granulowane","314","wapno granulowane big bag","nazwa+cena","260","0.55","/wapnowanie-gleby/","2.6","10","0","2"
"Wapno nawozowe węglanowe bez magnezu granulowane","314","wapno granulowane 25 kg","nazwa+cena","70","0.32","","","","",""
"Wapno nawozowe węglanowe bez magnezu granulowane","314","wapno granulowane cena za tonę","nazwa+cena","90","0.82","/wapnowanie-gleby/","2.5","2","0","1"
"Wapno nawozowe węglanowe bez magnezu granulowane","314","lhoist wapno","kopalnia","30","1.81","","","","",""
"Wapno nawozowe węglanowe bez magnezu granulowane","314","kopalnia celiny","kopalnia","320","","","","","",""
"Wapno nawozowe węglanowe bez magnezu granulowane","314","wapno celiny","kopalnia","10","","","","","",""
"Wapno nawozowe węglanowe bez magnezu granulowane","314","wapno draby","kopalnia","<10","","","","","",""
"Wapno nawozowe węglanowe bez magnezu granulowane","314","wapno tarnów opolski","kopalnia","10","","","","","",""
"Wapno nawozowe węglanowe bez magnezu granulowane","314","wapno granulowane","rodzaj ogólny","4400","0.8","/wapnowanie-gleby/","2.1","45","0","1"
"Wapno nawozowe węglanowe bez magnezu granulowane","314","wapno nawozowe granulowane","rodzaj ogólny","390","0.85","/wapnowanie-gleby/","2","6","0","1"
"Wapno nawozowe węglanowe bez magnezu granulowane","314","wapno kredowe granulowane","rodzaj ogólny","260","0.46","/wapnowanie-gleby/","2.4","9","0","1"
"Wapno nawozowe węglanowe bez magnezu granulowane","314","wapno węglanowe","rodzaj ogólny","1000","0.8","/wapno-nawozowe-rolnictwo/weglanowe-odmiana-04/","9.9","988","1","5"
"Wapno nawozowe węglanowe bez magnezu granulowane","314","wapno nawozowe węglanowe","rodzaj ogólny","40","0.01","/wapno-nawozowe-rolnictwo/weglanowe-granulowane/","18.9","187","0","5"
"Wapno nawozowe węglanowe bez magnezu granulowane","314","wapno granulowane czy sypkie","porównanie","50","2.52","/wapnowanie-gleby/","2","1","0","1"
"Wapno nawozowe węglanowe bez magnezu granulowane","314","wapno granulowane czy kreda","porównanie","<10","","","","","",""
"Wapno nawozowe węglanowe bez magnezu granulowane","314","wapno węglanowe czy magnezowe","porównanie","20","","/wapno-nawozowe-rolnictwo/weglanowe-magnez-granulowane/","8","2","0","2"
"Wapno nawozowe węglanowe bez magnezu granulowane","314","wapno tlenkowe czy węglanowe","porównanie","10","","","","","",""
"Węglanowe z magnezem granulowane","317","wapno magnezowe granulowane","nazwa / rodzaj produktu","880","0.44","/wapnowanie-gleby/","2.3","9","0","2"
"Węglanowe z magnezem granulowane","317","wapno granulowane z magnezem","nazwa / rodzaj produktu","140","0.39","/wapnowanie-gleby/","2","1","0","1"
"Węglanowe z magnezem granulowane","317","wapno granulowane magnezowe","nazwa / rodzaj produktu","170","0.54","/wapnowanie-gleby/","2","2","0","2"
"Węglanowe z magnezem granulowane","317","wapno węglanowo magnezowe granulowane","nazwa / rodzaj produktu","20","0.1","/wapno-nawozowe-rolnictwo/weglanowe-magnez-granulowane/","15","2","0","1"
"Węglanowe z magnezem granulowane","317","grankal","producent","110","1.41","","","","",""
"Węglanowe z magnezem granulowane","317","wapno grankal","producent","20","0.11","","","","",""
"Węglanowe z magnezem granulowane","317","wapno magnezowe granulowane ile na hektar","nazwa + dawka","50","1.56","/wapnowanie-gleby/","9.6","155","0","1"
"Węglanowe z magnezem granulowane","317","ile wapna magnezowego granulowanego na hektar","nazwa + dawka","10","","/wapnowanie-gleby/","9.3","43","0","1"
"Węglanowe z magnezem granulowane","317","wapno magnezowe granulowane dawkowanie","nazwa + dawka","70","","","","","",""
"Węglanowe z magnezem granulowane","317","wapno magnezowe granulowane cena","nazwa + cena / forma","50","0.22","/wapnowanie-gleby/","2","1","0","1"
"Węglanowe z magnezem granulowane","317","wapno magnezowe granulowane big bag","nazwa + cena / forma","50","0.59","/wapnowanie-gleby/","3","1","0","1"
"Węglanowe z magnezem granulowane","317","wapno węglanowe z magnezem granulowane","nazwa / rodzaj produktu","<10","","","","","",""
"Węglanowe z magnezem granulowane","317","granulat wapniowo magnezowy","nazwa / rodzaj produktu","<10","","","","","",""
"Węglanowe z magnezem granulowane","317","wapno granulowane grankal","producent","<10","","","","","",""
"Węglanowe z magnezem granulowane","317","grankal wapno magnezowe","producent","<10","","","","","",""
"Węglanowe z magnezem granulowane","317","grankal draby","producent","<10","","","","","",""
"Węglanowe z magnezem granulowane","317","wapno magnezowe do sadu","nazwa + zastosowanie","<10","","","","","",""
"Węglanowe z magnezem granulowane","317","wapno magnezowe na gleby lekkie","nazwa + zastosowanie","<10","","","","","",""
"Węglanowe z magnezem granulowane","317","wapno magnezowe ekologiczne","nazwa + zastosowanie","<10","","","","","",""
"Węglanowe z magnezem granulowane","317","wapno magnezowe granulowane 25 kg","nazwa + cena / forma","10","0.27","","","","",""
"Węglanowe z magnezem granulowane","317","wapno granulowane z magnezem cena","nazwa + cena / forma","10","0.33","","","","",""
"Węglanowe z magnezem granulowane","317","wapno magnezowe","rodzaj ogólny","1900","0.6","/wapno-nawozowe-rolnictwo/weglanowe-magnez-granulowane/","48.9","27","0","2"
"Węglanowe z magnezem granulowane","317","wapno granulowane","rodzaj ogólny","4400","0.8","/wapnowanie-gleby/","2.1","45","0","1"
"Węglanowe z magnezem granulowane","317","wapno węglanowe granulowane","rodzaj ogólny","390","0.58","/wapno-nawozowe-rolnictwo/weglanowe-granulowane/","21.8","143","0","3"
"Węglanowe z magnezem granulowane","317","wapno węglanowo magnezowe","rodzaj ogólny","170","0.72","/wapno-nawozowe-rolnictwo/weglanowe-magnez-odmiana-05/","17","10","0","2"
"Węglanowe z magnezem granulowane","317","wapno magnezowe czy węglanowe","porównania","10","","","","","",""
"Węglanowe z magnezem granulowane","317","wapno granulowane czy sypkie","porównania","50","2.52","/wapnowanie-gleby/","2","1","0","1"
"Węglanowe z magnezem granulowane","317","wapno nawozowe węglanowo magnezowe","rodzaj ogólny","<10","","","","","",""
"Węglanowe z magnezem granulowane","317","wapno magnezowe czy kizeryt","porównania","<10","","","","","",""
"Węglanowe z magnezem — Odmiana 04","318","wapno odmiana 04","nazwa / odmiana","30","","/wapno-nawozowe-rolnictwo/weglanowe-odmiana-04/","3.6","108","0","4"
"Węglanowe z magnezem — Odmiana 04","318","wapno nawozowe odmiana 04","nazwa / odmiana","10","","","","","",""
"Węglanowe z magnezem — Odmiana 04","318","dewonit","producent / kopalnia","10","1.78","","","","",""
"Węglanowe z magnezem — Odmiana 04","318","wapno dewonit","producent / kopalnia","10","1.26","","","","",""
"Węglanowe z magnezem — Odmiana 04","318","kopalnia jażwica","producent / kopalnia","390","","","","","",""
"Węglanowe z magnezem — Odmiana 04","318","industria kielce","producent — wolumen nie dotyczy wapna (plik #318 §5)","27100","2.45","","","","",""
"Węglanowe z magnezem — Odmiana 04","318","wapno magnezowe świętokrzyskie","producent / kopalnia","10","1.52","","","","",""
"Węglanowe z magnezem — Odmiana 04","318","wapno magnezowe dawkowanie","nazwa + dawka","20","","/wapnowanie-gleby/","6.9","28","0","1"
"Węglanowe z magnezem — Odmiana 04","318","ile wapna magnezowego na hektar","nazwa + dawka","90","5.58","/wapnowanie-gleby/","9.8","212","0","1"
"Węglanowe z magnezem — Odmiana 04","318","wapno magnezowe ile na hektar","nazwa + dawka","70","","/wapnowanie-gleby/","8.0","258","2","1"
"Węglanowe z magnezem — Odmiana 04","318","wapno magnezowe cena","nazwa + cena / forma","90","0.26","","","","",""
"Węglanowe z magnezem — Odmiana 04","318","wapno magnezowe cena za tonę","nazwa + cena / forma","140","0.81","/wapnowanie-gleby/","2.5","4","0","1"
"Węglanowe z magnezem — Odmiana 04","318","wapno magnezowe luzem","nazwa + cena / forma","40","0.65","/wapnowanie-gleby/","2","2","0","1"
"Węglanowe z magnezem — Odmiana 04","318","wapno węglanowe z magnezem odmiana 04","nazwa / odmiana","<10","","","","","",""
"Węglanowe z magnezem — Odmiana 04","318","wapno magnezowe odmiana 04","nazwa / odmiana","<10","","","","","",""
"Węglanowe z magnezem — Odmiana 04","318","jażwica","producent / kopalnia","<10","","","","","",""
"Węglanowe z magnezem — Odmiana 04","318","wapno jażwica","producent / kopalnia","<10","","","","","",""
"Węglanowe z magnezem — Odmiana 04","318","industria wapno","producent / kopalnia","<10","","","","","",""
"Węglanowe z magnezem — Odmiana 04","318","wapno chęciny","producent / kopalnia","<10","","","","","",""
"Węglanowe z magnezem — Odmiana 04","318","wapno magnezowe chęciny","producent / kopalnia","<10","","","","","",""
"Węglanowe z magnezem — Odmiana 04","318","wapno magnezowe sypkie","nazwa + cena / forma","30","0.68","","","","",""
"Węglanowe z magnezem — Odmiana 04","318","wapno węglanowe magnezowe","rodzaj ogólny","170","0.72","/wapno-nawozowe-rolnictwo/weglanowe-magnez-odmiana-05/","20.7","10","0","2"
"Węglanowe z magnezem — Odmiana 04","318","wapno węglanowe z magnezem","rodzaj ogólny","30","1.5","/wapno-nawozowe-rolnictwo/weglanowe-magnez-granulowane/","11.3","5","0","2"
"Węglanowe z magnezem — Odmiana 04","318","wapno magnezowe","rodzaj ogólny","1900","0.6","/wapno-nawozowe-rolnictwo/weglanowe-magnez-granulowane/","48.9","27","0","2"
"Węglanowe z magnezem — Odmiana 04","318","wapno nawozowe z magnezem","rodzaj ogólny","90","0.79","/wapno-nawozowe-rolnictwo/weglanowe-magnez-odmiana-05/","29","2","0","2"
"Węglanowe z magnezem — Odmiana 04","318","wapno magnezowe czy węglanowe","porównania","10","","","","","",""
"Węglanowe z magnezem — Odmiana 04","318","wapno magnezowe czy tlenkowe","porównania","<10","","","","","",""
"Węglanowe z magnezem — Odmiana 05","319","wapno odmiana 05","nazwa / odmiana","20","","/wapno-nawozowe-rolnictwo/weglanowe-magnez-odmiana-05/","2.9","60","0","2"
"Węglanowe z magnezem — Odmiana 05","319","dewonit","producent / kopalnia","10","1.78","","","","",""
"Węglanowe z magnezem — Odmiana 05","319","kopalnia laskowa","producent / kopalnia","320","4.24","","","","",""
"Węglanowe z magnezem — Odmiana 05","319","laskowa kopalnia","producent / kopalnia","50","","","","","",""
"Węglanowe z magnezem — Odmiana 05","319","kopalnia winna","producent / kopalnia","170","1.65","","","","",""
"Węglanowe z magnezem — Odmiana 05","319","dopłaty do wapnowania","nazwa + zastosowanie","70","1.37","/wapnowanie-gleby/","4","1","0","1"
"Węglanowe z magnezem — Odmiana 05","319","wapno magnezowe ile na hektar","nazwa + dawka","70","","/wapnowanie-gleby/","8.0","258","2","1"
"Węglanowe z magnezem — Odmiana 05","319","ile wapna magnezowego na hektar","nazwa + dawka","90","5.58","/wapnowanie-gleby/","9.8","212","0","1"
"Węglanowe z magnezem — Odmiana 05","319","wapno magnezowe cena","nazwa + cena / forma","90","0.26","","","","",""
"Węglanowe z magnezem — Odmiana 05","319","wapno magnezowe luzem cena","nazwa + cena / forma","70","0.4","/wapno-nawozowe-rolnictwo/weglanowe-magnez-odmiana-05/","2","1","0","1"
"Węglanowe z magnezem — Odmiana 05","319","wapno magnezowe odmiana 05","nazwa / odmiana","<10","","","","","",""
"Węglanowe z magnezem — Odmiana 05","319","wapno nawozowe odmiana 05","nazwa / odmiana","<10","","","","","",""
"Węglanowe z magnezem — Odmiana 05","319","wapno węglanowe z magnezem odmiana 05","nazwa / odmiana","<10","","","","","",""
"Węglanowe z magnezem — Odmiana 05","319","wapno łagów","producent / kopalnia","<10","","","","","",""
"Węglanowe z magnezem — Odmiana 05","319","wapno magnezowe łagów","producent / kopalnia","<10","","","","","",""
"Węglanowe z magnezem — Odmiana 05","319","kostomłoty kopalnia","producent / kopalnia","<10","","","","","",""
"Węglanowe z magnezem — Odmiana 05","319","producent wapna magnezowego","producent / kopalnia","<10","","/wapno-nawozowe-rolnictwo/weglanowe-magnez-odmiana-05/","40.9","33","0","1"
"Węglanowe z magnezem — Odmiana 05","319","wapno magnezowe producent","producent / kopalnia","<10","","/wapno-nawozowe-rolnictwo/weglanowe-magnez-odmiana-05/","29.3","13","0","2"
"Węglanowe z magnezem — Odmiana 05","319","wapno magnezowe na gleby lekkie","nazwa + zastosowanie","<10","","","","","",""
"Węglanowe z magnezem — Odmiana 05","319","wapno magnezowe do sadu","nazwa + zastosowanie","<10","","","","","",""
"Węglanowe z magnezem — Odmiana 05","319","wapno magnezowe cena za tonę","nazwa + cena / forma","140","0.81","/wapnowanie-gleby/","2.5","4","0","1"
"Węglanowe z magnezem — Odmiana 05","319","wapno magnezowe","rodzaj ogólny","1900","0.6","/wapno-nawozowe-rolnictwo/weglanowe-magnez-granulowane/","48.9","27","0","2"
"Węglanowe z magnezem — Odmiana 05","319","wapno węglanowo magnezowe","rodzaj ogólny","170","0.72","/wapno-nawozowe-rolnictwo/weglanowe-magnez-odmiana-05/","17","10","0","2"
"Węglanowe z magnezem — Odmiana 05","319","nawóz wapniowo magnezowy","rodzaj ogólny","260","0.83","","","","",""
"Węglanowe z magnezem — Odmiana 05","319","wapno nawozowe z magnezem","rodzaj ogólny","90","0.79","/wapno-nawozowe-rolnictwo/weglanowe-magnez-odmiana-05/","29","2","0","2"
"Węglanowe z magnezem — Odmiana 05","319","wapno magnezowe czy węglanowe","porównania","10","","","","","",""
"Węglanowe z magnezem — Odmiana 05","319","najtańsze wapno magnezowe","nazwa + cena / forma","<10","","","","","",""
"Węglanowe z magnezem — Odmiana 05","319","wapno magnezowe czy dolomit","porównania","<10","","","","","",""
"Wapno nawozowe węglanowe bez magnezu — Odmiana 04","315","wapno węglanowe odmiana 04","nazwa","10","","","","","",""
"Wapno nawozowe węglanowe bez magnezu — Odmiana 04","315","wapno odmiana 04","nazwa","30","","/wapno-nawozowe-rolnictwo/weglanowe-odmiana-04/","3.6","108","0","4"
"Wapno nawozowe węglanowe bez magnezu — Odmiana 04","315","wapno nawozowe odmiana 04","nazwa","10","","","","","",""
"Wapno nawozowe węglanowe bez magnezu — Odmiana 04","315","wapno węglanowe bez magnezu","nazwa","10","0.55","","","","",""
"Wapno nawozowe węglanowe bez magnezu — Odmiana 04","315","wapno bez magnezu","nazwa","<10","","","","","",""
"Wapno nawozowe węglanowe bez magnezu — Odmiana 04","315","wapno węglanowe sypkie","nazwa","20","1.32","/wapno-nawozowe-rolnictwo/weglanowe-magnez-odmiana-05/","8","6","0","2"
"Wapno nawozowe węglanowe bez magnezu — Odmiana 04","315","bukowiak","nazwa (marka z atrybutu)","<10","","","","","",""
"Wapno nawozowe węglanowe bez magnezu — Odmiana 04","315","wapno bukowiak","nazwa (marka z atrybutu)","<10","","","","","",""
"Wapno nawozowe węglanowe bez magnezu — Odmiana 04","315","opolwiak","nazwa (marka z atrybutu)","<10","","","","","",""
"Wapno nawozowe węglanowe bez magnezu — Odmiana 04","315","wapno opolwiak","nazwa (marka z atrybutu)","10","","","","","",""
"Wapno nawozowe węglanowe bez magnezu — Odmiana 04","315","opolwiak premium","nazwa (marka z atrybutu)","<10","","","","","",""
"Wapno nawozowe węglanowe bez magnezu — Odmiana 04","315","wapno węglanowe na gleby lekkie","nazwa+zastosowanie","<10","","","","","",""
"Wapno nawozowe węglanowe bez magnezu — Odmiana 04","315","wapno węglanowe do sadu","nazwa+zastosowanie","<10","","","","","",""
"Wapno nawozowe węglanowe bez magnezu — Odmiana 04","315","wapno węglanowe zastosowanie","nazwa+zastosowanie","<10","","","","","",""
"Wapno nawozowe węglanowe bez magnezu — Odmiana 04","315","ile wapna węglanowego na hektar","nazwa+dawka","40","3.76","/wapnowanie-gleby/","8.1","134","0","1"
"Wapno nawozowe węglanowe bez magnezu — Odmiana 04","315","wapno węglanowe ile na hektar","nazwa+dawka","20","2.82","/wapnowanie-gleby/","5.9","115","2","1"
"Wapno nawozowe węglanowe bez magnezu — Odmiana 04","315","wapno węglanowe dawkowanie","nazwa+dawka","40","2.22","/wapnowanie-gleby/","17.6","13","0","1"
"Wapno nawozowe węglanowe bez magnezu — Odmiana 04","315","wapno węglanowe cena","nazwa+cena","70","0.91","/wapnowanie-gleby/","2","1","0","1"
"Wapno nawozowe węglanowe bez magnezu — Odmiana 04","315","wapno węglanowe cena za tonę","nazwa+cena","90","0.81","/wapnowanie-gleby/","2","1","0","1"
"Wapno nawozowe węglanowe bez magnezu — Odmiana 04","315","wapno węglanowe luzem","nazwa+cena","<10","","","","","",""
"Wapno nawozowe węglanowe bez magnezu — Odmiana 04","315","wapno węglanowe big bag","nazwa+cena","20","0.78","/wapno-nawozowe-hurt/wapno-weglanowe-bez-magnezu-granulowane-big-bag-600kg/","10","2","0","1"
"Wapno nawozowe węglanowe bez magnezu — Odmiana 04","315","wapno węglanowe 25 kg","nazwa+cena","<10","","","","","",""
"Wapno nawozowe węglanowe bez magnezu — Odmiana 04","315","lhoist","kopalnia","480","1.08","","","","",""
"Wapno nawozowe węglanowe bez magnezu — Odmiana 04","315","lhoist bukowa","kopalnia","390","2.36","","","","",""
"Wapno nawozowe węglanowe bez magnezu — Odmiana 04","315","wapno bukowa","kopalnia","50","1.4","","","","",""
"Wapno nawozowe węglanowe bez magnezu — Odmiana 04","315","kopalnia celiny","kopalnia","320","","","","","",""
"Wapno nawozowe węglanowe bez magnezu — Odmiana 04","315","wapno celiny","kopalnia","10","","","","","",""
"Wapno nawozowe węglanowe bez magnezu — Odmiana 04","315","wapno górażdże","kopalnia","20","2.42","","","","",""
"Wapno nawozowe węglanowe bez magnezu — Odmiana 04","315","wapno tarnów opolski","kopalnia","10","","","","","",""
"Wapno nawozowe węglanowe bez magnezu — Odmiana 04","315","wapno węglanowe","rodzaj ogólny","1000","0.8","/wapno-nawozowe-rolnictwo/weglanowe-odmiana-04/","9.9","988","1","5"
"Wapno nawozowe węglanowe bez magnezu — Odmiana 04","315","wapno nawozowe węglanowe","rodzaj ogólny","40","0.01","/wapno-nawozowe-rolnictwo/weglanowe-granulowane/","18.9","187","0","5"
"Wapno nawozowe węglanowe bez magnezu — Odmiana 04","315","wapno kredowe","rodzaj ogólny","590","0.48","/wapnowanie-gleby/","2","3","1","1"
"Wapno nawozowe węglanowe bez magnezu — Odmiana 04","315","wapno nawozowe","rodzaj ogólny","1300","0.96","/wapno-nawozowe-rolnictwo/","11.1","667","2","3"
"Wapno nawozowe węglanowe bez magnezu — Odmiana 04","315","wapno węglanowe czy tlenkowe","porównanie","10","","","","","",""
"Wapno nawozowe węglanowe bez magnezu — Odmiana 04","315","wapno węglanowe czy magnezowe","porównanie","20","","/wapno-nawozowe-rolnictwo/weglanowe-magnez-granulowane/","8","2","0","2"
"Wapno nawozowe węglanowe bez magnezu — Odmiana 04","315","wapno węglanowe czy granulowane","porównanie","<10","","","","","",""
"Wapno nawozowe węglanowe bez magnezu — Odmiana 04","315","wapno odmiana 04 czy 05","porównanie","<10","","","","","",""
"Wapno nawozowe węglanowe bez magnezu — Odmiana 05","316","wapno węglanowe odmiana 05","nazwa","10","","","","","",""
"Wapno nawozowe węglanowe bez magnezu — Odmiana 05","316","wapno odmiana 05","nazwa","20","","/wapno-nawozowe-rolnictwo/weglanowe-magnez-odmiana-05/","2.9","60","0","2"
"Wapno nawozowe węglanowe bez magnezu — Odmiana 05","316","wapno nawozowe odmiana 05","nazwa","<10","","","","","",""
"Wapno nawozowe węglanowe bez magnezu — Odmiana 05","316","wapno węglanowe bez magnezu","nazwa","10","0.55","","","","",""
"Wapno nawozowe węglanowe bez magnezu — Odmiana 05","316","wapno węglanowe 40","nazwa","<10","","","","","",""
"Wapno nawozowe węglanowe bez magnezu — Odmiana 05","316","kopalnia celiny","kopalnia","320","","","","","",""
"Wapno nawozowe węglanowe bez magnezu — Odmiana 05","316","wapno celiny","kopalnia","10","","","","","",""
"Wapno nawozowe węglanowe bez magnezu — Odmiana 05","316","lhoist bukowa","kopalnia","390","2.37","","","","",""
"Wapno nawozowe węglanowe bez magnezu — Odmiana 05","316","wapno bukowa","kopalnia","50","1.4","","","","",""
"Wapno nawozowe węglanowe bez magnezu — Odmiana 05","316","ile wapna węglanowego na hektar","nazwa+dawka","40","3.76","/wapnowanie-gleby/","8.1","134","0","1"
"Wapno nawozowe węglanowe bez magnezu — Odmiana 05","316","wapno węglanowe cena","nazwa+cena","70","0.91","/wapnowanie-gleby/","2","1","0","1"
"Wapno nawozowe węglanowe bez magnezu — Odmiana 05","316","wapno węglanowe luzem","nazwa+cena","<10","","","","","",""
"Wapno nawozowe węglanowe bez magnezu — Odmiana 05","316","wapno węglanowe","rodzaj ogólny","1000","0.8","/wapno-nawozowe-rolnictwo/weglanowe-odmiana-04/","9.9","988","1","5"
"Wapno nawozowe węglanowe bez magnezu — Odmiana 05","316","wapno nawozowe węglanowe","rodzaj ogólny","40","0.01","/wapno-nawozowe-rolnictwo/weglanowe-granulowane/","18.9","187","0","5"
"Wapno nawozowe węglanowe bez magnezu — Odmiana 05","316","wapno węglanowe sypkie","rodzaj ogólny","20","1.32","/wapno-nawozowe-rolnictwo/weglanowe-magnez-odmiana-05/","8","6","0","2"
"Wapno nawozowe węglanowe bez magnezu — Odmiana 05","316","wapno odmiana 04 czy 05","porównanie","<10","","","","","",""
"Wapno nawozowe węglanowe bez magnezu — Odmiana 05","316","wapno węglanowe czy tlenkowe","porównanie","10","","","","","",""
