/	/
/	/comments/feed/
/	/do-pobrania/
/	/feed/
/	/kalkulator-wapnowania/
/	/kontakt/
/	/oferta/
/	/o-firmie/
/	/paszarstwo/
/	/poradniki/
/	/rodo/
/	/wapno-do-oczyszczalni/
/	/wapno-do-oczyszczalni/wapno-palone-mielone/
/	/wapno-hydratyzowane/
/	/wapno-hydratyzowane/bielik/
/	/wapno-nawozowe-rolnictwo/
/	/wapno-nawozowe-rolnictwo/agrobielik-70/
/	/wapno-nawozowe-rolnictwo/agrobielik-90/
/	/wapno-nawozowe-rolnictwo/oxyfertil-90/
/	/wapno-nawozowe-rolnictwo/wapno-tlenkowe-magnez/
/	/wapno-nawozowe-rolnictwo/weglanowe-granulowane/
/	/wapno-nawozowe-rolnictwo/weglanowe-magnez-granulowane/
/	/wapno-nawozowe-rolnictwo/weglanowe-magnez-odmiana-04/
/	/wapno-nawozowe-rolnictwo/weglanowe-magnez-odmiana-05/
/	/wapno-nawozowe-rolnictwo/weglanowe-odmiana-04/
/	/wapno-nawozowe-rolnictwo/weglanowe-odmiana-05/
/	/wp-content/uploads/2026/03/agria-full-on-white-100x100.png
/	/wp-content/uploads/2026/03/agria-full-on-white-300x300.png
/	/wp-json/
/	/wp-json/wp/v2/pages/321
/	/wsparcie/
/	/zamowienia/
/oferta/	/comments/feed/
/oferta/	/do-pobrania/
/oferta/	/feed/
/oferta/	/kalkulator-wapnowania/
/oferta/	/kontakt/
/oferta/	/kreda-malarska/
/oferta/	/oferta/
/oferta/	/oferta/feed/
/oferta/	/oferta/page/2/
/oferta/	/o-firmie/
/oferta/	/paszarstwo/
/oferta/	/paszarstwo/kreda-pastewna/
/oferta/	/poradniki/
/oferta/	/rodo/
/oferta/	/rybactwo-kat-archiwum/
/oferta/	/wapno-do-oczyszczalni/
/oferta/	/wapno-do-sadu/
/oferta/	/wapno-hydratyzowane/
/oferta/	/wapno-hydratyzowane/bielik/
/oferta/	/wapno-nawozowe-hurt/
/oferta/	/wapno-nawozowe-rolnictwo/
/oferta/	/wapno-nawozowe-rolnictwo/agrobielik-70/
/oferta/	/wapno-nawozowe-rolnictwo/agrobielik-90/
/oferta/	/wapno-nawozowe-rolnictwo/dolomit/
/oferta/	/wapno-nawozowe-rolnictwo/kreda-nawozowa-granulowana/
/oferta/	/wapno-nawozowe-rolnictwo/kreda-nawozowa-sypka/
/oferta/	/wapno-nawozowe-rolnictwo/mieszanka-tlenkowo-weglanowa/
/oferta/	/wapno-nawozowe-rolnictwo/oxyfertil-90/
/oferta/	/wapno-nawozowe-rolnictwo/wapno-tlenkowe-magnez/
/oferta/	/wapno-nawozowe-rolnictwo/weglanowe-granulowane/
/oferta/	/wapno-nawozowe-rolnictwo/weglanowe-magnez-granulowane/
/oferta/	/wapno-nawozowe-rolnictwo/weglanowe-magnez-odmiana-04/
/oferta/	/wapno-nawozowe-rolnictwo/weglanowe-magnez-odmiana-05/
/oferta/	/wapno-nawozowe-rolnictwo/weglanowe-odmiana-04/
/oferta/	/wapno-nawozowe-rolnictwo/weglanowe-odmiana-05/
/oferta/	/wp-content/uploads/2026/03/agria-full-on-white-100x100.png
/oferta/	/wp-content/uploads/2026/03/agria-full-on-white-300x300.png
/oferta/	/wp-json/
/oferta/	/wsparcie/
/oferta/	/zamowienia/
/poradniki/	/cement-czym-jest-jak-powstaje-i-jakie-sa-jego-klasy/
/poradniki/	/comments/feed/
/poradniki/	/czy-wapnowac-czy-nie-wapnowac-stawy-karpiowe/
/poradniki/	/do-pobrania/
/poradniki/	/feed/
/poradniki/	/higienizacja-osadow-sciekowych-wapnem/
/poradniki/	/jak-murowac-klinkier/
/poradniki/	/jak-stosowac-wapno-nawozowe/
/poradniki/	/kalkulator-wapnowania/
/poradniki/	/kontakt/
/poradniki/	/o-firmie/
/poradniki/	/paszarstwo/
/poradniki/	/poradniki/
/poradniki/	/rodo/
/poradniki/	/tynki-rodzaje-kategorie/
/poradniki/	/wapno-do-oczyszczalni/
/poradniki/	/wapno-hydratyzowane/
/poradniki/	/wapno-nawozowe-na-trawnik/
/poradniki/	/wapno-nawozowe-rolnictwo/
/poradniki/	/wapnowanie-gleby/
/poradniki/	/wp-content/uploads/2026/03/agria-full-on-white-100x100.png
/poradniki/	/wp-content/uploads/2026/03/agria-full-on-white-300x300.png
/poradniki/	/wp-json/
/poradniki/	/wp-json/wp/v2/pages/727
/poradniki/	/wsparcie/
/poradniki/	/wykwity-na-murze/
/poradniki/	/zamowienia/
/wapnowanie-gleby/	/category/poradniki/
/wapnowanie-gleby/	/comments/feed/
/wapnowanie-gleby/	/czy-wapnowac-czy-nie-wapnowac-stawy-karpiowe/
/wapnowanie-gleby/	/do-pobrania/
/wapnowanie-gleby/	/feed/
/wapnowanie-gleby/	/higienizacja-osadow-sciekowych-wapnem/
/wapnowanie-gleby/	/jak-stosowac-wapno-nawozowe/
/wapnowanie-gleby/	/kalkulator-wapnowania/
/wapnowanie-gleby/	/kontakt/
/wapnowanie-gleby/	/oferta/
/wapnowanie-gleby/	/o-firmie/
/wapnowanie-gleby/	/paszarstwo/
/wapnowanie-gleby/	/poradniki/
/wapnowanie-gleby/	/rodo/
/wapnowanie-gleby/	/wapno-do-oczyszczalni/
/wapnowanie-gleby/	/wapno-hydratyzowane/
/wapnowanie-gleby/	/wapno-nawozowe-na-trawnik/
/wapnowanie-gleby/	/wapno-nawozowe-rolnictwo/
/wapnowanie-gleby/	/wapno-nawozowe-rolnictwo/agrobielik-70/
/wapnowanie-gleby/	/wapno-nawozowe-rolnictwo/agrobielik-90/
/wapnowanie-gleby/	/wapno-nawozowe-rolnictwo/dolomit/
/wapnowanie-gleby/	/wapno-nawozowe-rolnictwo/kreda-nawozowa-granulowana/
/wapnowanie-gleby/	/wapno-nawozowe-rolnictwo/kreda-nawozowa-sypka/
/wapnowanie-gleby/	/wapno-nawozowe-rolnictwo/oxyfertil-90/
/wapnowanie-gleby/	/wapno-nawozowe-rolnictwo/wapno-tlenkowe-magnez/
/wapnowanie-gleby/	/wapno-nawozowe-rolnictwo/weglanowe-granulowane/
/wapnowanie-gleby/	/wapno-nawozowe-rolnictwo/weglanowe-magnez-granulowane/
/wapnowanie-gleby/	/wapnowanie-gleby/
/wapnowanie-gleby/	/wapnowanie-gleby/feed/
/wapnowanie-gleby/	/wp-content/uploads/2026/03/agria-full-on-white-100x100.png
/wapnowanie-gleby/	/wp-content/uploads/2026/03/agria-full-on-white-300x300.png
/wapnowanie-gleby/	/wp-json/
/wapnowanie-gleby/	/wp-json/wp/v2/posts/2074
/wapnowanie-gleby/	/wsparcie/
/wapnowanie-gleby/	/wykwity-na-murze/
/wapnowanie-gleby/	/zamowienia/
/jak-stosowac-wapno-nawozowe/	/category/poradniki/
/jak-stosowac-wapno-nawozowe/	/comments/feed/
/jak-stosowac-wapno-nawozowe/	/czy-wapnowac-czy-nie-wapnowac-stawy-karpiowe/
/jak-stosowac-wapno-nawozowe/	/do-pobrania/
/jak-stosowac-wapno-nawozowe/	/feed/
/jak-stosowac-wapno-nawozowe/	/higienizacja-osadow-sciekowych-wapnem/
/jak-stosowac-wapno-nawozowe/	/ile-wapna-granulowanego-na-ha/
/jak-stosowac-wapno-nawozowe/	/jak-stosowac-wapno-nawozowe/
/jak-stosowac-wapno-nawozowe/	/kalkulator-wapnowania/
/jak-stosowac-wapno-nawozowe/	/kontakt/
/jak-stosowac-wapno-nawozowe/	/o-firmie/
/jak-stosowac-wapno-nawozowe/	/paszarstwo/
/jak-stosowac-wapno-nawozowe/	/poradniki/
/jak-stosowac-wapno-nawozowe/	/rodo/
/jak-stosowac-wapno-nawozowe/	/wapno-do-oczyszczalni/
/jak-stosowac-wapno-nawozowe/	/wapno-hydratyzowane/
/jak-stosowac-wapno-nawozowe/	/wapno-nawozowe-na-trawnik/
/jak-stosowac-wapno-nawozowe/	/wapno-nawozowe-rolnictwo/
/jak-stosowac-wapno-nawozowe/	/wapno-nawozowe-rolnictwo/agrobielik-70/
/jak-stosowac-wapno-nawozowe/	/wapno-nawozowe-rolnictwo/agrobielik-90/
/jak-stosowac-wapno-nawozowe/	/wapno-nawozowe-rolnictwo/kreda-nawozowa-sypka/
/jak-stosowac-wapno-nawozowe/	/wapno-nawozowe-rolnictwo/wapno-tlenkowe-magnez/
/jak-stosowac-wapno-nawozowe/	/wapno-nawozowe-rolnictwo/weglanowe-granulowane/
/jak-stosowac-wapno-nawozowe/	/wapno-nawozowe-rolnictwo/weglanowe-odmiana-04/
/jak-stosowac-wapno-nawozowe/	/wapnowanie-gleby/
/jak-stosowac-wapno-nawozowe/	/wp-content/uploads/2026/03/agria-full-on-white-100x100.png
/jak-stosowac-wapno-nawozowe/	/wp-content/uploads/2026/03/agria-full-on-white-300x300.png
/jak-stosowac-wapno-nawozowe/	/wp-json/
/jak-stosowac-wapno-nawozowe/	/wp-json/wp/v2/posts/2743
/jak-stosowac-wapno-nawozowe/	/wsparcie/
/jak-stosowac-wapno-nawozowe/	/wykwity-na-murze/
/jak-stosowac-wapno-nawozowe/	/zamowienia/
/wapno-nawozowe-na-trawnik/	/category/poradniki/
/wapno-nawozowe-na-trawnik/	/comments/feed/
/wapno-nawozowe-na-trawnik/	/czy-wapnowac-czy-nie-wapnowac-stawy-karpiowe/
/wapno-nawozowe-na-trawnik/	/do-pobrania/
/wapno-nawozowe-na-trawnik/	/feed/
/wapno-nawozowe-na-trawnik/	/higienizacja-osadow-sciekowych-wapnem/
/wapno-nawozowe-na-trawnik/	/ile-wapna-granulowanego-na-ha/
/wapno-nawozowe-na-trawnik/	/jak-stosowac-wapno-nawozowe/
/wapno-nawozowe-na-trawnik/	/kalkulator-wapnowania/
/wapno-nawozowe-na-trawnik/	/kontakt/
/wapno-nawozowe-na-trawnik/	/o-firmie/
/wapno-nawozowe-na-trawnik/	/paszarstwo/
/wapno-nawozowe-na-trawnik/	/poradniki/
/wapno-nawozowe-na-trawnik/	/rodo/
/wapno-nawozowe-na-trawnik/	/wapno-do-oczyszczalni/
/wapno-nawozowe-na-trawnik/	/wapno-hydratyzowane/
/wapno-nawozowe-na-trawnik/	/wapno-nawozowe-na-trawnik/
/wapno-nawozowe-na-trawnik/	/wapno-nawozowe-na-trawnik/feed/
/wapno-nawozowe-na-trawnik/	/wapno-nawozowe-rolnictwo/
/wapno-nawozowe-na-trawnik/	/wapno-nawozowe-rolnictwo/kreda-nawozowa-granulowana/
/wapno-nawozowe-na-trawnik/	/wapno-nawozowe-rolnictwo/kreda-nawozowa-sypka/
/wapno-nawozowe-na-trawnik/	/wapno-nawozowe-rolnictwo/weglanowe-granulowane/
/wapno-nawozowe-na-trawnik/	/wapnowanie-gleby/
/wapno-nawozowe-na-trawnik/	/wp-content/uploads/2026/03/agria-full-on-white-100x100.png
/wapno-nawozowe-na-trawnik/	/wp-content/uploads/2026/03/agria-full-on-white-300x300.png
/wapno-nawozowe-na-trawnik/	/wp-json/
/wapno-nawozowe-na-trawnik/	/wp-json/wp/v2/posts/2742
/wapno-nawozowe-na-trawnik/	/wsparcie/
/wapno-nawozowe-na-trawnik/	/wykwity-na-murze/
/wapno-nawozowe-na-trawnik/	/zamowienia/
/higienizacja-osadow-sciekowych-wapnem/	/category/zastosowania/
/higienizacja-osadow-sciekowych-wapnem/	/comments/feed/
/higienizacja-osadow-sciekowych-wapnem/	/czy-wapnowac-czy-nie-wapnowac-stawy-karpiowe/
/higienizacja-osadow-sciekowych-wapnem/	/do-pobrania/
/higienizacja-osadow-sciekowych-wapnem/	/feed/
/higienizacja-osadow-sciekowych-wapnem/	/higienizacja-osadow-sciekowych-wapnem/
/higienizacja-osadow-sciekowych-wapnem/	/jak-stosowac-wapno-nawozowe/
/higienizacja-osadow-sciekowych-wapnem/	/kalkulator-wapnowania/
/higienizacja-osadow-sciekowych-wapnem/	/kontakt/
/higienizacja-osadow-sciekowych-wapnem/	/o-firmie/
/higienizacja-osadow-sciekowych-wapnem/	/paszarstwo/
/higienizacja-osadow-sciekowych-wapnem/	/poradniki/
/higienizacja-osadow-sciekowych-wapnem/	/rodo/
/higienizacja-osadow-sciekowych-wapnem/	/wapno-do-oczyszczalni/
/higienizacja-osadow-sciekowych-wapnem/	/wapno-do-oczyszczalni/wapno-palone-mielone/
/higienizacja-osadow-sciekowych-wapnem/	/wapno-hydratyzowane/
/higienizacja-osadow-sciekowych-wapnem/	/wapno-hydratyzowane/bielik/
/higienizacja-osadow-sciekowych-wapnem/	/wapno-nawozowe-na-trawnik/
/higienizacja-osadow-sciekowych-wapnem/	/wapno-nawozowe-rolnictwo/
/higienizacja-osadow-sciekowych-wapnem/	/wapno-nawozowe-rolnictwo/agrobielik-90/
/higienizacja-osadow-sciekowych-wapnem/	/wapnowanie-gleby/
/higienizacja-osadow-sciekowych-wapnem/	/wp-content/uploads/2026/03/agria-full-on-white-100x100.png
/higienizacja-osadow-sciekowych-wapnem/	/wp-content/uploads/2026/03/agria-full-on-white-300x300.png
/higienizacja-osadow-sciekowych-wapnem/	/wp-json/
/higienizacja-osadow-sciekowych-wapnem/	/wp-json/wp/v2/posts/2744
/higienizacja-osadow-sciekowych-wapnem/	/wsparcie/
/higienizacja-osadow-sciekowych-wapnem/	/wykwity-na-murze/
/higienizacja-osadow-sciekowych-wapnem/	/zamowienia/
/czy-wapnowac-czy-nie-wapnowac-stawy-karpiowe/	/category/poradniki/
/czy-wapnowac-czy-nie-wapnowac-stawy-karpiowe/	/comments/feed/
/czy-wapnowac-czy-nie-wapnowac-stawy-karpiowe/	/czy-wapnowac-czy-nie-wapnowac-stawy-karpiowe/
/czy-wapnowac-czy-nie-wapnowac-stawy-karpiowe/	/czy-wapnowac-czy-nie-wapnowac-stawy-karpiowe/feed/
/czy-wapnowac-czy-nie-wapnowac-stawy-karpiowe/	/do-pobrania/
/czy-wapnowac-czy-nie-wapnowac-stawy-karpiowe/	/feed/
/czy-wapnowac-czy-nie-wapnowac-stawy-karpiowe/	/higienizacja-osadow-sciekowych-wapnem/
/czy-wapnowac-czy-nie-wapnowac-stawy-karpiowe/	/jak-stosowac-wapno-nawozowe/
/czy-wapnowac-czy-nie-wapnowac-stawy-karpiowe/	/kalkulator-wapnowania/
/czy-wapnowac-czy-nie-wapnowac-stawy-karpiowe/	/kontakt/
/czy-wapnowac-czy-nie-wapnowac-stawy-karpiowe/	/o-firmie/
/czy-wapnowac-czy-nie-wapnowac-stawy-karpiowe/	/paszarstwo/
/czy-wapnowac-czy-nie-wapnowac-stawy-karpiowe/	/poradniki/
/czy-wapnowac-czy-nie-wapnowac-stawy-karpiowe/	/rodo/
/czy-wapnowac-czy-nie-wapnowac-stawy-karpiowe/	/wapno-do-oczyszczalni/
/czy-wapnowac-czy-nie-wapnowac-stawy-karpiowe/	/wapno-hydratyzowane/
/czy-wapnowac-czy-nie-wapnowac-stawy-karpiowe/	/wapno-nawozowe-na-trawnik/
/czy-wapnowac-czy-nie-wapnowac-stawy-karpiowe/	/wapno-nawozowe-rolnictwo/
/czy-wapnowac-czy-nie-wapnowac-stawy-karpiowe/	/wapnowanie-gleby/
/czy-wapnowac-czy-nie-wapnowac-stawy-karpiowe/	/wp-content/uploads/2026/03/agria-full-on-white-100x100.png
/czy-wapnowac-czy-nie-wapnowac-stawy-karpiowe/	/wp-content/uploads/2026/03/agria-full-on-white-300x300.png
/czy-wapnowac-czy-nie-wapnowac-stawy-karpiowe/	/wp-json/
/czy-wapnowac-czy-nie-wapnowac-stawy-karpiowe/	/wp-json/wp/v2/posts/2079
/czy-wapnowac-czy-nie-wapnowac-stawy-karpiowe/	/wsparcie/
/czy-wapnowac-czy-nie-wapnowac-stawy-karpiowe/	/wykwity-na-murze/
/czy-wapnowac-czy-nie-wapnowac-stawy-karpiowe/	/zamowienia/
/wapno-do-stawu/	/comments/feed/
/wapno-do-stawu/	/czy-wapnowac-czy-nie-wapnowac-stawy-karpiowe/
/wapno-do-stawu/	/do-pobrania/
/wapno-do-stawu/	/feed/
/wapno-do-stawu/	/kalkulator-wapnowania/
/wapno-do-stawu/	/kontakt/
/wapno-do-stawu/	/o-firmie/
/wapno-do-stawu/	/paszarstwo/
/wapno-do-stawu/	/poradniki/
/wapno-do-stawu/	/rodo/
/wapno-do-stawu/	/wapno-do-oczyszczalni/
/wapno-do-stawu/	/wapno-do-oczyszczalni/wapno-palone-mielone/
/wapno-do-stawu/	/wapno-do-stawu/
/wapno-do-stawu/	/wapno-hydratyzowane/
/wapno-do-stawu/	/wapno-hydratyzowane/bielik/
/wapno-do-stawu/	/wapno-nawozowe-rolnictwo/
/wapno-do-stawu/	/wapno-nawozowe-rolnictwo/agrobielik-70/
/wapno-do-stawu/	/wapno-nawozowe-rolnictwo/agrobielik-90/
/wapno-do-stawu/	/wapno-nawozowe-rolnictwo/kreda-nawozowa-granulowana/
/wapno-do-stawu/	/wapno-nawozowe-rolnictwo/kreda-nawozowa-sypka/
/wapno-do-stawu/	/wp-content/uploads/2026/03/agria-full-on-white-100x100.png
/wapno-do-stawu/	/wp-content/uploads/2026/03/agria-full-on-white-300x300.png
/wapno-do-stawu/	/wp-json/
/wapno-do-stawu/	/wp-json/wp/v2/pages/2796
/wapno-do-stawu/	/wsparcie/
/wapno-do-stawu/	/zamowienia/
/wapno-do-stabilizacji-gruntow/	/comments/feed/
/wapno-do-stabilizacji-gruntow/	/do-pobrania/
/wapno-do-stabilizacji-gruntow/	/feed/
/wapno-do-stabilizacji-gruntow/	/kalkulator-wapnowania/
/wapno-do-stabilizacji-gruntow/	/kontakt/
/wapno-do-stabilizacji-gruntow/	/o-firmie/
/wapno-do-stabilizacji-gruntow/	/paszarstwo/
/wapno-do-stabilizacji-gruntow/	/poradniki/
/wapno-do-stabilizacji-gruntow/	/rodo/
/wapno-do-stabilizacji-gruntow/	/wapno-do-oczyszczalni/
/wapno-do-stabilizacji-gruntow/	/wapno-do-oczyszczalni/wapno-palone-mielone/
/wapno-do-stabilizacji-gruntow/	/wapno-do-stabilizacji-gruntow/
/wapno-do-stabilizacji-gruntow/	/wapno-hydratyzowane/
/wapno-do-stabilizacji-gruntow/	/wapno-nawozowe-rolnictwo/
/wapno-do-stabilizacji-gruntow/	/wp-content/uploads/2026/03/agria-full-on-white-100x100.png
/wapno-do-stabilizacji-gruntow/	/wp-content/uploads/2026/03/agria-full-on-white-300x300.png
/wapno-do-stabilizacji-gruntow/	/wp-json/
/wapno-do-stabilizacji-gruntow/	/wp-json/wp/v2/pages/2745
/wapno-do-stabilizacji-gruntow/	/wsparcie/
/wapno-do-stabilizacji-gruntow/	/zamowienia/
/kalkulator-wapnowania/	/comments/feed/
/kalkulator-wapnowania/	/do-pobrania/
/kalkulator-wapnowania/	/feed/
/kalkulator-wapnowania/	/kalkulator-wapnowania/
/kalkulator-wapnowania/	/kontakt/
/kalkulator-wapnowania/	/o-firmie/
/kalkulator-wapnowania/	/paszarstwo/
/kalkulator-wapnowania/	/poradniki/
/kalkulator-wapnowania/	/rodo/
/kalkulator-wapnowania/	/wapno-do-oczyszczalni/
/kalkulator-wapnowania/	/wapno-hydratyzowane/
/kalkulator-wapnowania/	/wapno-nawozowe-rolnictwo/
/kalkulator-wapnowania/	/wp-content/uploads/2026/03/agria-full-on-white-100x100.png
/kalkulator-wapnowania/	/wp-content/uploads/2026/03/agria-full-on-white-300x300.png
/kalkulator-wapnowania/	/wp-json/
/kalkulator-wapnowania/	/wp-json/wp/v2/pages/729
/kalkulator-wapnowania/	/wsparcie/
/kalkulator-wapnowania/	/zamowienia/
/do-pobrania/	/comments/feed/
/do-pobrania/	/do-pobrania/
/do-pobrania/	/feed/
/do-pobrania/	/kalkulator-wapnowania/
/do-pobrania/	/kontakt/
/do-pobrania/	/o-firmie/
/do-pobrania/	/paszarstwo/
/do-pobrania/	/poradniki/
/do-pobrania/	/rodo/
/do-pobrania/	/wapno-do-oczyszczalni/
/do-pobrania/	/wapno-hydratyzowane/
/do-pobrania/	/wapno-nawozowe-rolnictwo/
/do-pobrania/	/wp-content/uploads/2026/03/agria-full-on-white-100x100.png
/do-pobrania/	/wp-content/uploads/2026/03/agria-full-on-white-300x300.png
/do-pobrania/	/wp-content/uploads/2026/03/karta-charakterystyki-tlenek-wapnia-kujawy.pdf
/do-pobrania/	/wp-content/uploads/2026/03/karta-produktu-wapno-hydratyzowane.pdf
/do-pobrania/	/wp-content/uploads/2026/03/karta-produktu-wapno-nawozowe-odmiana-02.pdf
/do-pobrania/	/wp-content/uploads/2026/03/karta-produktu-wapno-nawozowe-odmiana-03.pdf
/do-pobrania/	/wp-content/uploads/2026/03/karta-produktu-wapno-palone-kruszone.pdf
/do-pobrania/	/wp-content/uploads/2026/03/karta-produktu-wapno-palone-w-brylach.pdf
/do-pobrania/	/wp-content/uploads/2026/06/agria-karta-produktu-agrobielik-70.pdf
/do-pobrania/	/wp-content/uploads/2026/06/agria-karta-produktu-agrobielik-90-0-3mm.pdf
/do-pobrania/	/wp-content/uploads/2026/06/agria-karta-produktu-agrobielik-90-2-8mm.pdf
/do-pobrania/	/wp-content/uploads/2026/06/agria-karta-produktu-dolomit.pdf
/do-pobrania/	/wp-content/uploads/2026/06/agria-karta-produktu-kreda-nawozowa-granulowana.pdf
/do-pobrania/	/wp-content/uploads/2026/06/agria-karta-produktu-kreda-nawozowa-sypka-odmiana-06a.pdf
/do-pobrania/	/wp-content/uploads/2026/06/agria-karta-produktu-kreda-pastewna.pdf
/do-pobrania/	/wp-content/uploads/2026/06/agria-karta-produktu-mieszanka-tlenkowo-weglanowa.pdf
/do-pobrania/	/wp-content/uploads/2026/06/agria-karta-produktu-oxyfertil-90.pdf
/do-pobrania/	/wp-content/uploads/2026/06/agria-karta-produktu-tlenkowe-z-magnezem.pdf
/do-pobrania/	/wp-content/uploads/2026/06/agria-karta-produktu-wapno-hydratyzowane-bielik.pdf
/do-pobrania/	/wp-content/uploads/2026/06/agria-karta-produktu-wapno-palone-mielone-wysokoreaktywne.pdf
/do-pobrania/	/wp-content/uploads/2026/06/agria-karta-produktu-weglanowe-granulowane.pdf
/do-pobrania/	/wp-content/uploads/2026/06/agria-karta-produktu-weglanowe-odmiana-04.pdf
/do-pobrania/	/wp-content/uploads/2026/06/agria-karta-produktu-weglanowe-z-magnezem-granulowane.pdf
/do-pobrania/	/wp-content/uploads/2026/06/agria-karta-produktu-weglanowe-z-magnezem-odmiana-04.pdf
/do-pobrania/	/wp-content/uploads/2026/06/agria-karta-produktu-weglanowe-z-magnezem-odmiana-05.pdf
/do-pobrania/	/wp-content/uploads/2026/08/atest-oschr-agrobielik-70-odmiana-02-2025.pdf
/do-pobrania/	/wp-content/uploads/2026/08/atest-oschr-agrobielik-90-odmiana-01-2025.pdf
/do-pobrania/	/wp-content/uploads/2026/08/atest-oschr-weglanowe-z-magnezem-odmiana-04-jazwica-2026.pdf
/do-pobrania/	/wp-content/uploads/2026/08/atest-oschr-weglanowe-z-magnezem-odmiana-05-laskowa-2026.pdf
/do-pobrania/	/wp-content/uploads/2026/08/atest-oschr-weglanowe-z-magnezem-odmiana-05-winna-2026.pdf
/do-pobrania/	/wp-content/uploads/2026/08/karta-charakterystyki-diwodorotlenek-wapnia-nordkalk-2025.pdf
/do-pobrania/	/wp-content/uploads/2026/08/karta-charakterystyki-tlenek-wapnia-nordkalk-2025.pdf
/do-pobrania/	/wp-content/uploads/2026/08/karta-charakterystyki-weglan-wapnia-nordkalk-2025.pdf
/do-pobrania/	/wp-json/
/do-pobrania/	/wp-json/wp/v2/pages/731
/do-pobrania/	/wsparcie/
/do-pobrania/	/zamowienia/
/wapno-nawozowe-rolnictwo/	/comments/feed/
/wapno-nawozowe-rolnictwo/	/do-pobrania/
/wapno-nawozowe-rolnictwo/	/feed/
/wapno-nawozowe-rolnictwo/	/kalkulator-wapnowania/
/wapno-nawozowe-rolnictwo/	/kontakt/
/wapno-nawozowe-rolnictwo/	/o-firmie/
/wapno-nawozowe-rolnictwo/	/paszarstwo/
/wapno-nawozowe-rolnictwo/	/poradniki/
/wapno-nawozowe-rolnictwo/	/rodo/
/wapno-nawozowe-rolnictwo/	/wapno-do-oczyszczalni/
/wapno-nawozowe-rolnictwo/	/wapno-hydratyzowane/
/wapno-nawozowe-rolnictwo/	/wapno-nawozowe-rolnictwo/
/wapno-nawozowe-rolnictwo/	/wapno-nawozowe-rolnictwo/agrobielik-70/
/wapno-nawozowe-rolnictwo/	/wapno-nawozowe-rolnictwo/agrobielik-90/
/wapno-nawozowe-rolnictwo/	/wapno-nawozowe-rolnictwo/dolomit/
/wapno-nawozowe-rolnictwo/	/wapno-nawozowe-rolnictwo/feed/
/wapno-nawozowe-rolnictwo/	/wapno-nawozowe-rolnictwo/kreda-czarna-jeziorna/
/wapno-nawozowe-rolnictwo/	/wapno-nawozowe-rolnictwo/kreda-nawozowa-granulowana/
/wapno-nawozowe-rolnictwo/	/wapno-nawozowe-rolnictwo/kreda-nawozowa-sypka/
/wapno-nawozowe-rolnictwo/	/wapno-nawozowe-rolnictwo/mieszanka-tlenkowo-weglanowa/
/wapno-nawozowe-rolnictwo/	/wapno-nawozowe-rolnictwo/oxyfertil-90/
/wapno-nawozowe-rolnictwo/	/wapno-nawozowe-rolnictwo/wapno-tlenkowe-magnez/
/wapno-nawozowe-rolnictwo/	/wapno-nawozowe-rolnictwo/weglanowe-granulowane/
/wapno-nawozowe-rolnictwo/	/wapno-nawozowe-rolnictwo/weglanowe-magnez-granulowane/
/wapno-nawozowe-rolnictwo/	/wapno-nawozowe-rolnictwo/weglanowe-magnez-odmiana-04/
/wapno-nawozowe-rolnictwo/	/wapno-nawozowe-rolnictwo/weglanowe-magnez-odmiana-05/
/wapno-nawozowe-rolnictwo/	/wapno-nawozowe-rolnictwo/weglanowe-odmiana-04/
/wapno-nawozowe-rolnictwo/	/wapno-nawozowe-rolnictwo/weglanowe-odmiana-05/
/wapno-nawozowe-rolnictwo/	/wp-content/uploads/2026/03/agria-full-on-white-100x100.png
/wapno-nawozowe-rolnictwo/	/wp-content/uploads/2026/03/agria-full-on-white-300x300.png
/wapno-nawozowe-rolnictwo/	/wp-json/
/wapno-nawozowe-rolnictwo/	/wp-json/wp/v2/product_cat/764
/wapno-nawozowe-rolnictwo/	/wsparcie/
/wapno-nawozowe-rolnictwo/	/zamowienia/
/wapno-do-oczyszczalni/	/comments/feed/
/wapno-do-oczyszczalni/	/do-pobrania/
/wapno-do-oczyszczalni/	/feed/
/wapno-do-oczyszczalni/	/higienizacja-osadow-sciekowych-wapnem/
/wapno-do-oczyszczalni/	/kalkulator-wapnowania/
/wapno-do-oczyszczalni/	/kontakt/
/wapno-do-oczyszczalni/	/o-firmie/
/wapno-do-oczyszczalni/	/paszarstwo/
/wapno-do-oczyszczalni/	/poradniki/
/wapno-do-oczyszczalni/	/rodo/
/wapno-do-oczyszczalni/	/wapno-do-oczyszczalni/
/wapno-do-oczyszczalni/	/wapno-do-oczyszczalni/feed/
/wapno-do-oczyszczalni/	/wapno-do-oczyszczalni/wapno-palone-mielone/
/wapno-do-oczyszczalni/	/wapno-hydratyzowane/
/wapno-do-oczyszczalni/	/wapno-nawozowe-rolnictwo/
/wapno-do-oczyszczalni/	/wp-content/uploads/2026/03/agria-full-on-white-100x100.png
/wapno-do-oczyszczalni/	/wp-content/uploads/2026/03/agria-full-on-white-300x300.png
/wapno-do-oczyszczalni/	/wp-json/
/wapno-do-oczyszczalni/	/wp-json/wp/v2/product_cat/767
/wapno-do-oczyszczalni/	/wsparcie/
/wapno-do-oczyszczalni/	/zamowienia/
/wapno-hydratyzowane/	/comments/feed/
/wapno-hydratyzowane/	/do-pobrania/
/wapno-hydratyzowane/	/feed/
/wapno-hydratyzowane/	/kalkulator-wapnowania/
/wapno-hydratyzowane/	/kontakt/
/wapno-hydratyzowane/	/o-firmie/
/wapno-hydratyzowane/	/paszarstwo/
/wapno-hydratyzowane/	/poradniki/
/wapno-hydratyzowane/	/rodo/
/wapno-hydratyzowane/	/wapno-do-oczyszczalni/
/wapno-hydratyzowane/	/wapno-hydratyzowane/
/wapno-hydratyzowane/	/wapno-hydratyzowane/bielik/
/wapno-hydratyzowane/	/wapno-hydratyzowane/feed/
/wapno-hydratyzowane/	/wapno-nawozowe-rolnictwo/
/wapno-hydratyzowane/	/wp-content/uploads/2026/03/agria-full-on-white-100x100.png
/wapno-hydratyzowane/	/wp-content/uploads/2026/03/agria-full-on-white-300x300.png
/wapno-hydratyzowane/	/wp-json/
/wapno-hydratyzowane/	/wp-json/wp/v2/product_cat/768
/wapno-hydratyzowane/	/wsparcie/
/wapno-hydratyzowane/	/zamowienia/
/paszarstwo/	/comments/feed/
/paszarstwo/	/do-pobrania/
/paszarstwo/	/feed/
/paszarstwo/	/kalkulator-wapnowania/
/paszarstwo/	/kontakt/
/paszarstwo/	/o-firmie/
/paszarstwo/	/paszarstwo/
/paszarstwo/	/paszarstwo/feed/
/paszarstwo/	/paszarstwo/kreda-pastewna/
/paszarstwo/	/poradniki/
/paszarstwo/	/rodo/
/paszarstwo/	/wapno-do-oczyszczalni/
/paszarstwo/	/wapno-hydratyzowane/
/paszarstwo/	/wapno-nawozowe-rolnictwo/
/paszarstwo/	/wp-content/uploads/2026/03/agria-full-on-white-100x100.png
/paszarstwo/	/wp-content/uploads/2026/03/agria-full-on-white-300x300.png
/paszarstwo/	/wp-json/
/paszarstwo/	/wp-json/wp/v2/product_cat/770
/paszarstwo/	/wsparcie/
/paszarstwo/	/zamowienia/
/kreda-malarska/	/comments/feed/
/kreda-malarska/	/do-pobrania/
/kreda-malarska/	/feed/
/kreda-malarska/	/kalkulator-wapnowania/
/kreda-malarska/	/kontakt/
/kreda-malarska/	/kreda-malarska/
/kreda-malarska/	/kreda-malarska/feed/
/kreda-malarska/	/kreda-malarska/kreda-malarska/
/kreda-malarska/	/o-firmie/
/kreda-malarska/	/paszarstwo/
/kreda-malarska/	/poradniki/
/kreda-malarska/	/rodo/
/kreda-malarska/	/wapno-do-oczyszczalni/
/kreda-malarska/	/wapno-hydratyzowane/
/kreda-malarska/	/wapno-nawozowe-rolnictwo/
/kreda-malarska/	/wp-content/uploads/2026/03/agria-full-on-white-100x100.png
/kreda-malarska/	/wp-content/uploads/2026/03/agria-full-on-white-300x300.png
/kreda-malarska/	/wp-json/
/kreda-malarska/	/wp-json/wp/v2/product_cat/830
/kreda-malarska/	/wsparcie/
/kreda-malarska/	/zamowienia/
/kontakt/	/comments/feed/
/kontakt/	/do-pobrania/
/kontakt/	/feed/
/kontakt/	/kalkulator-wapnowania/
/kontakt/	/kontakt/
/kontakt/	/o-firmie/
/kontakt/	/paszarstwo/
/kontakt/	/poradniki/
/kontakt/	/rodo/
/kontakt/	/wapno-do-oczyszczalni/
/kontakt/	/wapno-hydratyzowane/
/kontakt/	/wapno-nawozowe-rolnictwo/
/kontakt/	/wp-content/uploads/2026/03/agria-full-on-white-100x100.png
/kontakt/	/wp-content/uploads/2026/03/agria-full-on-white-300x300.png
/kontakt/	/wp-json/
/kontakt/	/wp-json/wp/v2/pages/323
/kontakt/	/wsparcie/
/kontakt/	/zamowienia/
/o-firmie/	/comments/feed/
/o-firmie/	/do-pobrania/
/o-firmie/	/feed/
/o-firmie/	/kalkulator-wapnowania/
/o-firmie/	/kontakt/
/o-firmie/	/o-firmie/
/o-firmie/	/paszarstwo/
/o-firmie/	/poradniki/
/o-firmie/	/rodo/
/o-firmie/	/wapno-do-oczyszczalni/
/o-firmie/	/wapno-hydratyzowane/
/o-firmie/	/wapno-nawozowe-rolnictwo/
/o-firmie/	/wp-content/uploads/2026/03/agria-full-on-white-100x100.png
/o-firmie/	/wp-content/uploads/2026/03/agria-full-on-white-300x300.png
/o-firmie/	/wp-json/
/o-firmie/	/wp-json/wp/v2/pages/325
/o-firmie/	/wsparcie/
/o-firmie/	/zamowienia/
/zamowienia/	/comments/feed/
/zamowienia/	/do-pobrania/
/zamowienia/	/feed/
/zamowienia/	/kalkulator-wapnowania/
/zamowienia/	/kontakt/
/zamowienia/	/o-firmie/
/zamowienia/	/paszarstwo/
/zamowienia/	/poradniki/
/zamowienia/	/rodo/
/zamowienia/	/wapno-do-oczyszczalni/
/zamowienia/	/wapno-hydratyzowane/
/zamowienia/	/wapno-nawozowe-rolnictwo/
/zamowienia/	/wp-content/uploads/2026/03/agria-full-on-white-100x100.png
/zamowienia/	/wp-content/uploads/2026/03/agria-full-on-white-300x300.png
/zamowienia/	/wp-json/
/zamowienia/	/wp-json/wp/v2/pages/1920
/zamowienia/	/wsparcie/
/zamowienia/	/zamowienia/
/wapno-nawozowe-rolnictwo/agrobielik-70/	/comments/feed/
/wapno-nawozowe-rolnictwo/agrobielik-70/	/do-pobrania/
/wapno-nawozowe-rolnictwo/agrobielik-70/	/feed/
/wapno-nawozowe-rolnictwo/agrobielik-70/	/kalkulator-wapnowania/
/wapno-nawozowe-rolnictwo/agrobielik-70/	/kontakt/
/wapno-nawozowe-rolnictwo/agrobielik-70/	/o-firmie/
/wapno-nawozowe-rolnictwo/agrobielik-70/	/paszarstwo/
/wapno-nawozowe-rolnictwo/agrobielik-70/	/poradniki/
/wapno-nawozowe-rolnictwo/agrobielik-70/	/rodo/
/wapno-nawozowe-rolnictwo/agrobielik-70/	/wapno-do-oczyszczalni/
/wapno-nawozowe-rolnictwo/agrobielik-70/	/wapno-hydratyzowane/
/wapno-nawozowe-rolnictwo/agrobielik-70/	/wapno-nawozowe-rolnictwo/
/wapno-nawozowe-rolnictwo/agrobielik-70/	/wapno-nawozowe-rolnictwo/agrobielik-70/
/wapno-nawozowe-rolnictwo/agrobielik-70/	/wp-content/uploads/2026/03/agria-full-on-white-100x100.png
/wapno-nawozowe-rolnictwo/agrobielik-70/	/wp-content/uploads/2026/03/agria-full-on-white-300x300.png
/wapno-nawozowe-rolnictwo/agrobielik-70/	/wp-json/
/wapno-nawozowe-rolnictwo/agrobielik-70/	/wp-json/wp/v2/product/310
/wapno-nawozowe-rolnictwo/agrobielik-70/	/wsparcie/
/wapno-nawozowe-rolnictwo/agrobielik-70/	/zamowienia/
/wapno-nawozowe-rolnictwo/dolomit/	/comments/feed/
/wapno-nawozowe-rolnictwo/dolomit/	/do-pobrania/
/wapno-nawozowe-rolnictwo/dolomit/	/feed/
/wapno-nawozowe-rolnictwo/dolomit/	/kalkulator-wapnowania/
/wapno-nawozowe-rolnictwo/dolomit/	/kontakt/
/wapno-nawozowe-rolnictwo/dolomit/	/o-firmie/
/wapno-nawozowe-rolnictwo/dolomit/	/paszarstwo/
/wapno-nawozowe-rolnictwo/dolomit/	/poradniki/
/wapno-nawozowe-rolnictwo/dolomit/	/rodo/
/wapno-nawozowe-rolnictwo/dolomit/	/wapno-do-oczyszczalni/
/wapno-nawozowe-rolnictwo/dolomit/	/wapno-hydratyzowane/
/wapno-nawozowe-rolnictwo/dolomit/	/wapno-nawozowe-rolnictwo/
/wapno-nawozowe-rolnictwo/dolomit/	/wapno-nawozowe-rolnictwo/dolomit/
/wapno-nawozowe-rolnictwo/dolomit/	/wp-content/uploads/2026/03/agria-full-on-white-100x100.png
/wapno-nawozowe-rolnictwo/dolomit/	/wp-content/uploads/2026/03/agria-full-on-white-300x300.png
/wapno-nawozowe-rolnictwo/dolomit/	/wp-json/
/wapno-nawozowe-rolnictwo/dolomit/	/wp-json/wp/v2/product/302
/wapno-nawozowe-rolnictwo/dolomit/	/wsparcie/
/wapno-nawozowe-rolnictwo/dolomit/	/zamowienia/
