url	znakow_tresci	h1	h2	tabele	FAQ_Question	linki_wew	title
/wapnowanie-gleby/	11327	1	17	3	7	38	Ile wapna na hektar? Tabela dawek i kalkulator | AGRIA
/jak-stosowac-wapno-nawozowe/	13455	1	13	3	5	34	Kiedy wapnować pole? Terminy, technika i błędy | AGRIA
/wapno-nawozowe-na-trawnik/	5676	1	9	2	4	32	Wapno nawozowe na trawnik – kiedy, ile i jakie | AGRIA
/higienizacja-osadow-sciekowych-wapnem/	7526	1	11	2	5	30	Higienizacja osadów ściekowych wapnem — dobór i dawki | AGRIA
/czy-wapnowac-czy-nie-wapnowac-stawy-karpiowe/	4746	1	11	0	0	28	Wapnowanie stawów karpiowych – kiedy i ile stosować
/cement-czym-jest-jak-powstaje-i-jakie-sa-jego-klasy/	4433	1	8	1	0	29	Cement – rodzaje, klasy i zastosowanie | poradnik
/jak-murowac-klinkier/	5308	1	8	0	0	29	Jak murować klinkier – zasady murowania klinkieru
/wykwity-na-murze/	4562	1	11	0	0	28	Wykwity na murze – jak powstają i jak je ograniczyć
/tynki-rodzaje-kategorie/	4641	1	10	0	0	29	Tynki – rodzaje, kategorie i wykonanie tynków
/wapno-do-stawu/	8725	1	9	2	0	28	Wapno do stawu — kreda i dawki od 125 zł/t | AGRIA
/wapno-do-stabilizacji-gruntow/	5934	1	8	1	0	22	Wapno do stabilizacji gruntów — wapno palone CL 90-Q | AGRIA
/wapno-granulowane/	9299	1	9	1	0	23	Wapno granulowane – nawozowe i z magnezem, big-bag i luz | AGRIA
/wapno-nawozowe/	10144	1	10	2	0	34	Wapno nawozowe – tlenkowe i węglanowe, luz i big-bag | AGRIA
/kalkulator-wapnowania/	5117	1	3	0	0	20	Kalkulator wapnowania — policz dawkę i tonaż | AGRIA
/do-pobrania/	3583	1	3	0	0	51	Do pobrania — karty produktów i katalog | AGRIA
/oferta/	3776	1	3	0	0	41	Wapno nawozowe, palone i hydratyzowane — oferta | AGRIA
/o-firmie/	3456	1	4	0	0	20	O firmie AGRIA — surowce wapniowe od 1989 r. | Tarnów
/kontakt/	3515	1	24	0	0	20	Kontakt — AGRIA Sp. z o.o. | Tarnów, Niedomice, Radgoszcz
/poradniki/	2998	1	0	0	0	29	Poradniki — wapnowanie gleby, dawki, dobór wapna | AGRIA
/wapno-nawozowe-rolnictwo/	3996	1	3	0	0	35	Wapno nawozowe do rolnictwa | AGRIA
/wapno-do-oczyszczalni/	3310	1	3	0	0	22	Wapno do oczyszczalni ścieków | AGRIA (higienizacja)
/wapno-hydratyzowane/	3022	1	3	0	0	21	Wapno hydratyzowane do budownictwa | AGRIA
/paszarstwo/	3083	1	1	0	0	21	Kreda pastewna do żywienia zwierząt | AGRIA
/kreda-malarska/	2694	1	1	0	0	22	Kreda malarska &#8211; AGRIA Sp. z o.o. – Wapno nawozowe i budowlane
/rybactwo-kat-archiwum/	3037	1	3	0	0	21	Wapno do stawów rybnych | AGRIA (odmiany 01,02)
