"produkt","wc_id","fraza","typ","wolumen","cpc_zl","nasz_url_gsc","pozycja_gsc","wyswietlenia_gsc"
"Wapno nawozowe tlenkowe Agrobielik 90","311","wapno trzuskawica","producent / zakład","30","1.18","","","0"
"Wapno nawozowe tlenkowe Agrobielik 90","311","wapno tlenkowe 90","rodzaj ogólny","20","0.4","","","0"
"Wapno nawozowe tlenkowe Agrobielik 90","311","wapno tlenkowe 90 cena","rodzaj ogólny","10","","","","0"
"Wapno nawozowe tlenkowe Agrobielik 90","311","wapno tlenkowe granulowane","rodzaj ogólny","260","0.47","/wapnowanie-gleby/","2.6","8"
"Wapno nawozowe tlenkowe Agrobielik 90","311","agrobielik 90","nazwa / marka","<10","","","","0"
"Wapno nawozowe tlenkowe Agrobielik 90","311","wapno agrobielik 90","nazwa / marka","<10","","","","0"
"Wapno nawozowe tlenkowe Agrobielik 90","311","agrobielik 90 0 3","nazwa / marka","<10","","","","0"
"Wapno nawozowe tlenkowe Agrobielik 90","311","agrobielik 90 2 8","nazwa / marka","<10","","","","0"
"Wapno nawozowe tlenkowe Agrobielik 90","311","nordkalk agrobielik 90","nazwa / marka","<10","","","","0"
"Wapno nawozowe tlenkowe Agrobielik 90","311","agrobielik 90 zastosowanie","nazwa + zastosowanie / dawka / cena","<10","","","","0"
"Wapno nawozowe tlenkowe Agrobielik 90","311","agrobielik 90 dawkowanie","nazwa + zastosowanie / dawka / cena","<10","","","","0"
"Wapno nawozowe tlenkowe Agrobielik 90","311","agrobielik 90 cena","nazwa + zastosowanie / dawka / cena","<10","","","","0"
"Wapno nawozowe tlenkowe Agrobielik 90","311","agrobielik 90 big bag","nazwa + zastosowanie / dawka / cena","<10","","","","0"
"Wapno nawozowe tlenkowe Agrobielik 90","311","nordkalk wapno sitkówka","producent / zakład","30","1.6","","","0"
"Wapno nawozowe tlenkowe Agrobielik 90","311","wapno palone 90","rodzaj ogólny","<10","","","","0"
"Wapno nawozowe tlenkowe Agrobielik 90","311","wapno 90 cao","rodzaj ogólny","<10","","","","0"
"Wapno nawozowe tlenkowe Agrobielik 90","311","wapno nawozowe odmiana 01","rodzaj ogólny","<10","","","","0"
"Wapno nawozowe tlenkowe Agrobielik 90","311","wapno tlenkowe kruszone","rodzaj ogólny","<10","","","","0"
"Wapno nawozowe tlenkowe Agrobielik 90","311","wapno palone kruszone","rodzaj ogólny","<10","","/wp-content/uploads/2023/06/5.pdf","6.5","5"
"Wapno nawozowe tlenkowe Agrobielik 90","311","wapno do higienizacji osadów","rodzaj ogólny","<10","","","","0"
"Wapno nawozowe tlenkowe Agrobielik 90","311","wapno do stawu","rodzaj ogólny","390","1.01","","","0"
"Wapno nawozowe tlenkowe Agrobielik 90","311","wapno palone do stawu","rodzaj ogólny","30","0.33","","","0"
"Wapno nawozowe tlenkowe Agrobielik 90","311","wapno tlenkowe do stawu","rodzaj ogólny","90","0.49","/wapnowanie-gleby/","2","1"
"Wapno nawozowe tlenkowe Agrobielik 90","311","wapno tlenkowe dawkowanie","rodzaj ogólny","40","2.18","/wapno-nawozowe-rolnictwo/oxyfertil-90/","1","87"
"Wapno nawozowe tlenkowe Agrobielik 90","311","wapno tlenkowe cena za tonę","rodzaj ogólny","30","0.83","/wapnowanie-gleby/","2","2"
"Wapno nawozowe tlenkowe Agrobielik 90","311","wapno do oczyszczalni","rodzaj ogólny","<10","","","","0"
"Wapno nawozowe tlenkowe Agrobielik 90","311","wapno palone do oczyszczalni","rodzaj ogólny","<10","","","","0"
"Wapno nawozowe tlenkowe Agrobielik 90","311","agrobielik 70 czy 90","porównania","<10","","","","0"
"Wapno nawozowe tlenkowe Agrobielik 90","311","agrobielik 90 czy oxyfertil","porównania","<10","","","","0"
"Wapno nawozowe tlenkowe Agrobielik 90","311","wapno tlenkowe 70 czy 90","porównania","<10","","","","0"
